,Tseas0noise,Srho0noise,Tseas0.1noise,Tseas1noise,Tseas2noise,Tseas4noise,Tseas10noise,EVAP,SMELT,PRECTOT,PRECSNO
2000-01-02,243.34413060116344,300.1720653005817,243.42067705214876,244.24363131701512,245.32605556389473,245.05530294857135,250.06266226998093,0,0,0.019230769230769232,0.019230769230769232
2000-01-09,244.88947236438412,300.94473618219206,244.9122510450756,245.5311423585126,245.67195028310226,247.7190379044377,245.60814939855086,0,0,0.019230769230769232,0.019230769230769232
2000-01-16,247.26771843829547,302.1338592191478,247.31907039980993,247.67604658157913,247.79835300971314,250.11519576376386,249.52930008745216,0,0,0.019230769230769232,0.019230769230769232
2000-01-23,249.58407169047027,303.29203584523515,249.67308115548596,250.25654006007932,251.2891680325143,250.4690549974731,250.46279263968796,0,0,0.019230769230769232,0.019230769230769232
2000-01-30,251.80493908027358,304.40246954013685,251.8971884241107,252.5417746108843,251.89143967938298,253.48562985952512,256.0416872080108,0,0,0.019230769230769232,0.019230769230769232
2000-02-06,253.89811235604944,305.4490561780247,253.92900828161436,254.5220595621751,254.4109052108433,254.73370195362884,255.22936023180785,0,0,0.019230769230769232,0.019230769230769232
2000-02-13,255.83323515706437,306.41661757853217,255.86632705241212,256.724629067209,256.81992728674777,257.382286483022,263.7389643888253,0,0,0.019230769230769232,0.019230769230769232
2000-02-20,257.5822432583014,307.29112162915067,257.60409448280996,258.50463173774205,259.2686609083691,260.61919968127273,263.8696596983752,0,0,0.019230769230769232,0.019230769230769232
2000-02-27,259.119771573429,308.05988578671446,259.1457236961419,259.80222184208304,259.5227718287734,261.5109223498876,265.41202079766373,0,0,0.019230769230769232,0.019230769230769232
2000-03-05,260.423522013363,308.71176100668157,260.48342918328785,260.6011880941221,262.2350829130812,260.7664000993434,269.23965820653564,0,0,0.019230769230769232,0.019230769230769232
2000-03-12,261.474586865532,309.23729343276597,261.5188631178599,261.5663372240449,262.7932730290396,263.0146951275277,266.73878929049283,0,0,0.019230769230769232,0.019230769230769232
2000-03-19,262.25772300401985,309.6288615020099,262.30586539722725,263.0339960881447,264.0733159069227,265.8555588016321,262.8001370832448,0,0,0.019230769230769232,0.019230769230769232
2000-03-26,262.76157295383945,309.8807864769197,262.8613827067956,263.5707467792463,263.3566740539724,263.15789719961145,271.36769840568064,0,0,0.019230769230769232,0.019230769230769232
2000-04-02,262.97882960333925,309.9894148016696,263.077427378986,263.1625877250022,264.77460131061616,264.24603015095033,265.92762860799894,0,0,0.019230769230769232,0.019230769230769232
2000-04-09,262.9063421759924,309.95317108799617,262.9155378065932,263.67670869085526,264.1972913234499,265.89632188864147,271.62073591737806,0,0,0.019230769230769232,0.019230769230769232
2000-04-16,262.54516192470686,309.77258096235346,262.6176655202887,262.8808958762406,263.57692884840424,266.39747915065067,269.7858529275184,0,0,0.019230769230769232,0.019230769230769232
2000-04-23,261.9005268859725,309.4502634429862,261.9818166721427,262.7379133986246,262.4365337603076,262.66597459720975,262.8219414918167,0,0,0.019230769230769232,0.019230769230769232
2000-04-30,260.98178591494786,308.9908929574739,260.9838855414047,261.7570409317264,262.0202389363389,261.07215598880646,270.28826670592855,0,0,0.019230769230769232,0.019230769230769232
2000-05-07,259.8022631031736,308.4011315515868,259.8221158269932,260.73774629966385,261.74307633454345,262.3838251797121,261.24113992695845,0,0,0.019230769230769232,0.019230769230769232
2000-05-14,258.379064545201,307.6895322726005,258.3880236400292,259.22029686933087,260.2162390780341,261.17915439358967,267.38283198050243,0,0,0.019230769230769232,0.019230769230769232
2000-05-21,256.73283025651324,306.8664151282566,256.74487072604785,256.7415763439457,257.0206092226717,259.3391024148222,264.7050170226609,0,0,0.019230769230769232,0.019230769230769232
2000-05-28,254.887434840564,305.94371742028204,254.90818540665978,255.40373707582458,255.77394818354074,255.96616670922646,262.73573012126843,0,0,0.019230769230769232,0.019230769230769232
2000-06-04,252.8696412460259,304.9348206230129,252.88965590838836,253.316204517196,254.76530574958096,254.58719328882378,258.7621745625255,0,0,0.019230769230769232,0.019230769230769232
2000-06-11,250.70871263565283,303.85435631782644,250.71681308895361,251.08412652592895,252.63428714839074,251.99242255819644,260.3998103124556,0,0,0.019230769230769232,0.019230769230769232
2000-06-18,248.4359879956505,302.71799399782526,248.49352896398855,249.25698284850498,248.54708352160807,248.7701114248154,256.72242505157783,0,0,0.019230769230769232,0.019230769230769232
2000-06-25,246.08442764030244,301.54221382015123,246.1623048889348,247.011010274241,246.4795351485421,247.31425629243142,248.3298608899536,0,0,0.019230769230769232,0.019230769230769232
2000-07-02,243.68813520319665,300.34406760159834,243.7415090875819,244.52552197254892,245.06926829052333,244.25504837529803,250.76617451518575,0,0,0.019230769230769232,0.019230769230769232
2000-07-09,241.28186304740092,299.1409315237005,241.29545226323162,241.93600919547308,242.8276379961646,242.8013481585759,247.80397458375342,0,0,0.019230769230769232,0.019230769230769232
2000-07-16,238.900508267403,297.95025413370155,238.91798066201378,239.67297512029944,239.66925891964928,242.14282467855904,246.3244331785363,0,0,0.019230769230769232,0.019230769230769232
2000-07-23,236.57860659207563,296.7893032960378,236.59450155002298,237.5367418227553,238.40078851257965,239.51032726971866,240.32545174585263,0,0,0.019230769230769232,0.019230769230769232
2000-07-30,234.34983152836608,295.674915764183,234.3914469862584,234.43222806272445,235.61363163452472,235.7817026853728,234.5390233382729,0,0,0.019230769230769232,0.019230769230769232
2000-08-06,232.24650600940674,294.6232530047034,232.31927496167728,232.91832992831547,232.39187869742346,234.7048342033793,239.8155258982469,0,0,0.019230769230769232,0.019230769230769232
2000-08-13,230.29913362939703,293.6495668146985,230.3564827284365,230.37554784204434,231.4735796312929,230.3001421528378,239.5436958755515,0,0,0.019230769230769232,0.019230769230769232
2000-08-20,228.53595626354814,292.76797813177404,228.55089136402682,228.81856384648268,229.6302970397054,229.74114609716116,234.3409027627014,0,0,0.019230769230769232,0.019230769230769232
2000-08-27,226.98254448873197,291.99127224436603,227.04982591096132,227.308886488008,228.57868801730214,230.55341958055342,233.9356753151107,0,0,0.019230769230769232,0.019230769230769232
2000-09-03,225.66142674478186,291.33071337239096,225.67519145101966,225.7786055678025,227.40334033910958,229.37294275812317,234.18724671098803,0,0,0.019230769230769232,0.019230769230769232
2000-09-10,224.59176261455255,290.7958813072763,224.59281891504818,225.5848860166406,224.64194289764177,228.54073664046615,234.43616927598427,0,0,0.019230769230769232,0.019230769230769232
2000-09-17,223.7890649610146,290.3945324805073,223.79581749778976,224.19422237783556,225.77109322313683,227.46508332421843,230.77165765847494,0,0,0.019230769230769232,0.019230769230769232
2000-09-24,223.26497495110462,290.1324874755523,223.29650498273955,224.03685547388514,224.1073337315601,226.41882823346162,231.75807955622588,0,0,0.019230769230769232,0.019230769230769232
2000-10-01,223.02709322906065,290.01354661453036,223.0736150818236,223.49488187124655,223.52975353953383,223.95163681264975,224.41989846564277,0,0,0.019230769230769232,0.019230769230769232
2000-10-08,223.07886968766024,290.0394348438301,223.1787419830576,223.30523352895088,224.86112839382827,224.55564788994337,231.35210975589462,0,0,0.019230769230769232,0.019230769230769232
2000-10-15,223.41955343596035,290.20977671798016,223.481389728729,223.8337176083216,225.07998080595067,224.47001654615048,226.55217252489768,0,0,0.019230769230769232,0.019230769230769232
2000-10-22,224.044203689135,290.5221018445675,224.05496244967057,224.73128544180048,224.41752982565657,227.95463328921932,228.5833439456469,0,0,0.019230769230769232,0.019230769230769232
2000-10-29,224.94376142247887,290.97188071123946,224.97823469857119,225.60804444983904,226.93297219047759,225.3677026850787,226.97369544075124,0,0,0.019230769230769232,0.019230769230769232
2000-11-05,226.1051807504125,291.55259037520625,226.1892418915024,226.6406287270973,226.66751703499685,228.75891193347496,233.0321947184795,0,0,0.019230769230769232,0.019230769230769232
2000-11-12,227.5116181251563,292.2558090625781,227.51945321450535,228.27694109232476,228.09919622962985,229.1045319008454,227.64495784855177,0,0,0.019230769230769232,0.019230769230769232
2000-11-19,229.14267661121002,293.071338305605,229.2045265991117,229.90636358279045,229.65605054767624,231.35156673889065,237.64432885656504,0,0,0.019230769230769232,0.019230769230769232
2000-11-26,230.97470169303372,293.98735084651685,231.02208799079364,231.41889336351656,232.77438929499453,231.22334781015743,239.9822463599483,0,0,0.019230769230769232,0.019230769230769232
2000-12-03,232.98112432596196,294.990562162981,233.07071798944293,233.9569057649142,234.55838029231856,236.8858588473339,238.8333760600919,0,0,0.019230769230769232,0.019230769230769232
2000-12-10,235.1328462552379,296.066423127619,235.1483588252269,235.39468513607326,236.36938465546064,238.31407623040522,243.54450549420537,0,0,0.019230769230769232,0.019230769230769232
2000-12-17,237.39866201505563,297.1993310075278,237.41833240255954,237.8271590583846,238.38650418012375,241.0143628603627,241.9533048651777,0,0,0.019230769230769232,0.019230769230769232
2000-12-24,239.74571148754706,298.3728557437735,239.8444529565926,240.46971395089423,240.92751545703396,240.170455108178,247.67686242769054,0,0,0.019230769230769232,0.019230769230769232
2000-12-31,242.13995645845125,299.5699782292256,242.19060273132126,242.3119896827202,243.19456571344332,243.73403996668793,249.52052246471303,0,0,0.019230769230769232,0.019230769230769232
2001-01-07,244.54667425819179,300.7733371290959,244.638033444749,245.5054410833741,245.61507285550914,245.75037847640291,250.91971382380908,0,0,0.019230769230769232,0.019230769230769232
2001-01-14,246.93096132930515,301.9654806646526,246.94414326712527,247.5644071042979,247.48822933726808,247.27331744321822,254.9402375084874,0,0,0.019230769230769232,0.019230769230769232
2001-01-21,249.25823941720512,303.12911970860256,249.25893364495948,249.55340350823175,250.2894423894132,252.6555806037967,250.59294636262985,0,0,0.019230769230769232,0.019230769230769232
2001-01-28,251.49475704322495,304.24737852161246,251.5864900851648,251.66372450744342,253.0677682223681,254.6559716635971,253.56943093072877,0,0,0.019230769230769232,0.019230769230769232
2001-02-04,253.60807898729578,305.3040394936479,253.69369653592886,254.37559840962737,254.5543668967691,256.23409706885025,262.28348845383965,0,0,0.019230769230769232,0.019230769230769232
2001-02-11,255.56755668151249,306.2837783407562,255.66644588309774,256.1833364921452,256.63948470617225,256.65936900813716,257.4589346800331,0,0,0.019230769230769232,0.019230769230769232
2001-02-18,257.3447726926777,307.17238634633884,257.3526108415965,257.5177338877766,259.2558487375853,258.5138557307995,258.54491773977645,0,0,0.019230769230769232,0.019230769230769232
2001-02-25,258.9139528476924,307.9569764238462,259.0094231375132,259.28077123942256,260.3953607175075,259.51293701149416,260.5536009661505,0,0,0.019230769230769232,0.019230769230769232
2001-03-04,260.25234002492107,308.62617001246053,260.2757784910861,260.9936515451991,261.2689381385186,261.813541994466,266.4301976995147,0,0,0.019230769230769232,0.019230769230769232
2001-03-11,261.3405241906014,309.1702620953007,261.35874857772006,262.33567072493054,263.11031215634574,264.7852769147013,269.3086308236171,0,0,0.019230769230769232,0.019230769230769232
2001-03-18,262.16272389392856,309.5813619469643,262.201548911923,263.1500953349453,263.6103356441294,263.44657940362157,269.08925336824944,0,0,0.019230769230769232,0.019230769230769232
2001-03-25,262.70701513841465,309.85350756920735,262.7279516660154,263.04745442949746,264.20750131501126,265.4956801186836,269.7873781163282,0,0,0.019230769230769232,0.019230769230769232
2001-04-01,262.9655043103043,309.9827521551522,262.96650643480154,263.5124082758738,263.0173519878456,265.47095225273904,271.20077549698436,0,0,0.019230769230769232,0.019230769230769232
2001-04-08,262.9344426561437,309.96722132807184,263.0044472425682,263.859323380867,263.73643002606065,266.0637345045233,272.69864627898704,0,0,0.019230769230769232,0.019230769230769232
2001-04-15,262.6142806492831,309.8071403246415,262.7035239191398,263.53055079305966,264.50876811041235,264.93964873959095,267.2699857193459,0,0,0.019230769230769232,0.019230769230769232
2001-04-22,262.009661456863,309.5048307284315,262.0524621481209,262.7047448940581,263.26754592552516,264.9773017023942,268.59071127815935,0,0,0.019230769230769232,0.019230769230769232
2001-04-29,261.12935360202675,309.0646768010134,261.2275941537554,261.2973762226788,262.772735557773,261.90231018995155,263.766959622593,0,0,0.019230769230769232,0.019230769230769232
2001-05-06,259.9861237979303,308.49306189896515,260.0854947356791,260.8789009320562,260.8018280717102,263.69436759062626,264.74565711701644,0,0,0.019230769230769232,0.019230769230769232
2001-05-13,258.59655179778196,307.79827589889095,258.6546646137674,259.29387890181465,259.10688485380285,258.73214182406616,268.30046474801594,0,0,0.019230769230769232,0.019230769230769232
2001-05-20,256.98078994605766,306.99039497302886,257.0138882460809,257.2164802533789,257.5590008574962,258.32491999883274,266.42277743612937,0,0,0.019230769230769232,0.019230769230769232
2001-05-27,255.1622709180156,306.08113545900784,255.24246109035008,255.61902647413766,257.103373557699,256.29294570295895,259.4516181544057,0,0,0.019230769230769232,0.019230769230769232
2001-06-03,253.1673678860322,305.08368394301607,253.21015757156522,253.84007623959698,253.59050603907434,253.2545950289552,258.50162609028195,0,0,0.019230769230769232,0.019230769230769232
2001-06-10,251.02501204121697,304.01250602060844,251.0330570852198,251.98334123120569,252.83642746611437,254.83529042989457,254.85458181167078,0,0,0.019230769230769232,0.019230769230769232
2001-06-17,248.76627301722007,302.88313650861005,248.78516264253096,249.36478447525883,249.84511215011506,249.9023658354674,251.73406905429633,0,0,0.019230769230769232,0.019230769230769232
2001-06-24,246.4239083011586,301.7119541505793,246.4730749670495,246.7998011576565,246.51578255355284,250.23942975244822,249.46724316807953,0,0,0.019230769230769232,0.019230769230769232
2001-07-01,244.0318881663552,300.5159440831776,244.0443021183463,244.65262387392994,245.22701365546212,245.682320538113,246.43899848591562,0,0,0.019230769230769232,0.019230769230769232
2001-07-08,241.62490301657817,299.3124515082891,241.72480321819435,241.64522862837228,242.36667003468295,242.90320866292558,244.08946535733958,0,0,0.019230769230769232,0.019230769230769232
2001-07-15,239.23786028654982,298.1189301432749,239.30597455897785,239.75288639955255,239.92761948400715,242.5796589456323,241.48028186926592,0,0,0.019230769230769232,0.019230769230769232
2001-07-22,236.9053781949514,296.9526890974757,236.93702081093005,237.4988218024404,238.35677732441985,237.92289509080564,240.68520128317112,0,0,0.019230769230769232,0.019230769230769232
2001-07-29,234.6612836918,295.8306418459,234.68694867103696,235.3289909666022,236.02837509536258,234.7064855995527,241.2242045967842,0,0,0.019230769230769232,0.019230769230769232
2001-08-05,232.53812188124246,294.7690609406212,232.6227076246573,233.16048226928646,232.86406967838437,233.52257848705892,235.09662419827566,0,0,0.019230769230769232,0.019230769230769232
2001-08-12,230.56668403438974,293.7833420171949,230.59952746736278,230.95172374692024,232.21406182431485,232.45088015300405,231.7419075532689,0,0,0.019230769230769232,0.019230769230769232
2001-08-19,228.77556103721153,292.8877805186058,228.82986751613333,229.3433935557075,228.81032999895848,229.0307468455396,233.51150674008295,0,0,0.019230769230769232,0.019230769230769232
2001-08-26,227.19072874963754,292.09536437481876,227.25759567671207,227.7081263129418,227.80639585859913,228.13470454793264,235.57901432188623,0,0,0.019230769230769232,0.019230769230769232
2001-09-02,225.83517128921804,291.417585644609,225.86171995072513,226.61842568483948,227.11306471573533,229.193454853588,230.13989999816943,0,0,0.019230769230769232,0.019230769230769232
2001-09-09,224.72854770269296,290.8642738513465,224.75852040005338,225.07209990818777,225.54698515103772,225.7191685509646,229.97709859526324,0,0,0.019230769230769232,0.019230769230769232
2001-09-16,223.8869068595838,290.44345342979193,223.92028753027188,224.1475632991896,224.0967879577308,225.75298470570633,231.35580999784395,0,0,0.019230769230769232,0.019230769230769232
2001-09-23,223.3224547025791,290.16122735128954,223.36557860705284,224.18324865441826,224.7058240076582,226.65011931263302,225.2923089063971,0,0,0.019230769230769232,0.019230769230769232
2001-09-30,223.04337723017838,290.0216886150892,223.04516085802405,223.30694264665107,225.0299096041707,226.57054524868008,230.0695534635778,0,0,0.019230769230769232,0.019230769230769232
2001-10-07,223.05372177879792,290.02686088939896,223.0745313325527,223.71036383227744,223.50166936845048,224.99445529510498,226.98927094820363,0,0,0.019230769230769232,0.019230769230769232
2001-10-14,223.3533383260516,290.1766691630258,223.4461920478646,223.70847337110098,225.03949436209697,226.5277260531325,228.78248354420185,0,0,0.019230769230769232,0.019230769230769232
2001-10-21,223.9378816664587,290.46894083322934,223.96723208133983,224.47028052277767,224.2585182179732,227.04892309247813,228.56573471063638,0,0,0.019230769230769232,0.019230769230769232
2001-10-28,224.79887442802558,290.8994372140128,224.8531225218911,225.01099601847451,225.58925076558322,224.90366959275656,227.4344360748197,0,0,0.019230769230769232,0.019230769230769232
2001-11-04,225.92383001580023,291.46191500790013,226.00283737423965,226.35575863447093,227.08789683726866,229.33877091817868,228.14338662867561,0,0,0.019230769230769232,0.019230769230769232
2001-11-11,227.29643369940342,292.1482168497017,227.33748677733294,228.1923043189136,227.69034519837717,231.2031618817431,232.49071875417536,0,0,0.019230769230769232,0.019230769230769232
2001-11-18,228.89677921830443,292.94838960915223,228.97634355193827,229.16869631774952,230.8944055526512,232.37021105178394,235.66982948155274,0,0,0.019230769230769232,0.019230769230769232
2001-11-25,230.70165747346107,293.8508287367306,230.73956070687967,230.71897874007743,232.60349518991484,232.21745110022067,233.10393092814905,0,0,0.019230769230769232,0.019230769230769232
2001-12-02,232.68489311855717,294.8424465592786,232.69234158670685,233.2044444750202,234.3798453651592,233.52807719062272,233.35035393356938,0,0,0.019230769230769232,0.019230769230769232
2001-12-09,234.81772416940413,295.90886208470204,234.89299655698744,235.65596366870074,235.65175512266623,235.75771182126937,237.63144638448367,0,0,0.019230769230769232,0.019230769230769232
2001-12-16,237.06921912620098,297.0346095631005,237.10351402041775,237.52974037488212,238.80796177937424,239.35493944434756,237.64662345293337,0,0,0.019230769230769232,0.019230769230769232
2001-12-23,239.40672555931434,298.20336277965714,239.46425319032647,240.39417106439785,240.8331307728502,241.369579477491,249.3277401852852,0,0,0.019230769230769232,0.019230769230769232
2001-12-30,241.79634365293754,299.3981718264688,241.85032307364187,242.0587567163151,242.645195620544,243.22861874592178,242.23580614247203,0,0,0.019230769230769232,0.019230769230769232
2002-01-06,244.20341783903686,300.6017089195184,244.28062882379473,244.38611243485002,245.85369237406994,245.83588502881767,246.35619726749565,0,0,0.019230769230769232,0.019230769230769232
2002-01-13,246.59303939163584,301.7965196958179,246.6309235823328,246.62699956440562,246.88144101203795,246.88670499146966,254.17835754509622,0,0,0.019230769230769232,0.019230769230769232
2002-01-20,248.93055269253674,302.96527634626835,249.0269472858773,249.0851665002773,249.77798567912112,249.42441613033367,251.15360556576977,0,0,0.019230769230769232,0.019230769230769232
2002-01-27,251.1820578263325,304.09102891316627,251.25604375698458,251.84913237732076,252.66677797180787,251.71481272697034,256.40658439457104,0,0,0.019230769230769232,0.019230769230769232
2002-02-03,253.3149022157972,305.1574511078986,253.34728229784974,253.44769923926256,253.53706492501755,255.93909720932749,253.72092199312885,0,0,0.019230769230769232,0.019230769230769232
2002-02-10,255.2981541676858,306.1490770838429,255.36856443767587,255.8623555332392,257.12406846950574,258.3803056198036,261.0948626188133,0,0,0.019230769230769232,0.019230769230769232
2002-02-17,257.10305146131964,307.0515257306598,257.113821378841,258.0567170988612,258.0413462759811,257.130049694855,263.46937920807324,0,0,0.019230769230769232,0.019230769230769232
2002-02-24,258.7034184742759,307.8517092371379,258.7395981246081,258.7450775301307,259.71779309624014,262.361736483107,261.456928007376,0,0,0.019230769230769232,0.019230769230769232
2002-03-03,260.0760457957937,308.53802289789684,260.10304267877643,260.6990873552372,260.3632676463151,263.00485369166745,267.6142463784449,0,0,0.019230769230769232,0.019230769230769232
2002-03-10,261.2010268225322,309.1005134112661,261.252746792746,261.7927230635682,261.2069659130436,263.69045970371894,268.7451846257351,0,0,0.019230769230769232,0.019230769230769232
2002-03-17,262.0620464551821,309.53102322759105,262.07668153026947,263.0080699041239,263.22499281849474,263.8419443380975,269.756367551967,0,0,0.019230769230769232,0.019230769230769232
2002-03-24,262.6466177090921,309.82330885454604,262.73878511337546,263.52989483155676,264.434851364307,263.29067727820956,264.01754769199505,0,0,0.019230769230769232,0.019230769230769232
2002-03-31,262.9462628074515,309.9731314037257,262.99682286958614,263.5508912628368,264.51833544132774,265.5174875118312,268.16983949932524,0,0,0.019230769230769232,0.019230769230769232
2002-04-07,262.9566361307154,309.9783180653577,262.9661069008854,263.1002637756771,264.61796825464097,264.3949814826804,267.8694656632225,0,0,0.019230769230769232,0.019230769230769232
2002-04-14,262.677587239192,309.838793619596,262.72551538845886,263.5212608341892,264.1698439104728,263.8134080029564,270.42487170653027,0,0,0.019230769230769232,0.019230769230769232
2002-04-21,262.11316305480176,309.55658152740085,262.2003045390129,262.9435617660408,263.1425472719071,265.173002357168,270.94655761130974,0,0,0.019230769230769232,0.019230769230769232
2002-04-28,261.27154917036984,309.13577458518495,261.35918077390767,261.3527991593498,262.4564978344354,263.85061582772244,262.28809216236624,0,0,0.019230769230769232,0.019230769230769232
2002-05-05,260.16495113761516,308.5824755688075,260.1831289364297,260.5219433124006,261.5830640528331,260.24436322303495,262.00810321196394,0,0,0.019230769230769232,0.019230769230769232
2002-05-12,258.8094174554641,307.90470872773204,258.86735749279893,259.7677979076384,259.9130890400869,262.04870629410743,266.71143514042154,0,0,0.019230769230769232,0.019230769230769232
2002-05-19,257.22460682581095,307.1123034129055,257.26157899859646,257.9412861867649,258.85884061746646,261.1725423999759,262.0965619603598,0,0,0.019230769230769232,0.019230769230769232
2002-05-26,255.43350305211092,306.2167515260555,255.52386124376696,256.02354175946897,257.13441537792573,259.16813233210326,264.4869978623294,0,0,0.019230769230769232,0.019230769230769232
2002-06-02,253.46208171550404,305.231040857752,253.5031837012487,254.29755504977948,255.43283344784135,257.0863281856839,258.73324675699905,0,0,0.019230769230769232,0.019230769230769232
2002-06-09,251.33893346251935,304.1694667312597,251.35599069631434,251.36950707359472,251.4855808977066,251.67140627697108,255.42847615811306,0,0,0.019230769230769232,0.019230769230769232
2002-06-16,249.09484936764838,303.0474246838242,249.12588634220384,249.9607694958858,250.70276950912594,250.36150449659027,249.77161823988948,0,0,0.019230769230769232,0.019230769230769232
2002-06-23,246.76237438409117,301.8811871920456,246.8103131663388,246.7633808400017,247.06059573832894,247.22229701442456,248.19995629712105,0,0,0.019230769230769232,0.019230769230769232
2002-06-30,244.37533535878012,300.68766767939,244.40081443601983,245.31239561908987,246.0327109121515,247.39741422996232,250.95840997419944,0,0,0.019230769230769232,0.019230769230769232
2002-07-07,241.96835045666865,299.4841752283343,242.06057223998278,242.0660798687474,242.1007461397312,245.69672066758912,248.9770723705956,0,0,0.019230769230769232,0.019230769230769232
2002-07-14,239.57632710888726,298.28816355444366,239.6437053617834,239.98141076111034,241.11800944694372,241.3818997383229,246.26116970356026,0,0,0.019230769230769232,0.019230769230769232
2002-07-21,237.23395576580066,297.11697788290036,237.3057369685176,238.17808593705232,238.56203733170543,239.46852483482346,240.4568394912985,0,0,0.019230769230769232,0.019230769230769232
2002-07-28,234.97520679684027,295.98760339842016,235.04482650809035,235.30794548195445,236.5166295523432,238.05637092765298,243.2841676734189,0,0,0.019230769230769232,0.019230769230769232
2002-08-04,232.8328378333506,294.9164189166753,232.87938783704365,233.51648659052577,233.694447352776,234.98443078339633,240.5756396143035,0,0,0.019230769230769232,0.019230769230769232
2002-08-11,230.83791869923598,293.918959349618,230.88295108774957,231.68164393180408,230.91772905652425,233.67522678544233,239.10270422744267,0,0,0.019230769230769232,0.019230769230769232
2002-08-18,229.01938081912812,293.0096904095641,229.0216302693894,229.34752758088794,229.28647055682038,229.85948895800016,232.45839577266779,0,0,0.019230769230769232,0.019230769230769232
2002-08-25,227.4035976388066,292.2017988194033,227.44930594596664,227.82548042445586,229.11488505502774,229.3759101170177,233.6674778048231,0,0,0.019230769230769232,0.019230769230769232
2002-09-01,226.0140021428485,291.50700107142427,226.05829680975913,226.20733249750614,227.133711213383,227.2626134603537,235.29073182191894,0,0,0.019230769230769232,0.019230769230769232
2002-09-08,224.87074701647936,290.9353735082397,224.912618148652,225.4975453980895,225.48190550811248,225.36453165102483,226.9748676470124,0,0,0.019230769230769232,0.019230769230769232
2002-09-15,223.99041238014493,290.49520619007245,224.04229833204326,224.4600968482376,225.70516201446628,225.83683360986805,229.8112811248968,0,0,0.019230769230769232,0.019230769230769232
2002-09-22,223.38576533540143,290.1928826677007,223.40777653002112,223.55840289877435,223.80449139529767,224.9740456425838,225.8693752686234,0,0,0.019230769230769232,0.019230769230769232
2002-09-29,223.06557480932193,290.03278740466095,223.08239934356442,223.19040521236337,223.57962362907182,225.01274083394216,231.15102959805597,0,0,0.019230769230769232,0.019230769230769232
2002-10-06,223.0344843826485,290.01724219132427,223.05475141759356,223.4373446571498,223.76151160533254,226.64350482828326,231.77584725579905,0,0,0.019230769230769232,0.019230769230769232
2002-10-13,223.29294494600654,290.14647247300326,223.33516187280725,223.84145527566852,224.6783162840087,223.43080514171143,228.14248654031692,0,0,0.019230769230769232,0.019230769230769232
2002-10-20,223.83720816083883,290.41860408041936,223.89574500935518,224.56142570438692,225.5103817244479,227.23558575726457,232.11450464198484,0,0,0.019230769230769232,0.019230769230769232
2002-10-27,224.65938081989168,290.82969040994584,224.75876472705716,224.91471761057917,225.45012472759416,225.93366720984247,230.82709167811166,0,0,0.019230769230769232,0.019230769230769232
2002-11-03,225.74753931888827,291.3737696594441,225.789862740981,226.23685416981806,226.44394130812276,228.96249743830384,233.6211013328539,0,0,0.019230769230769232,0.019230769230769232
2002-11-10,227.08590257925619,292.0429512896281,227.1674065197981,227.25838178054985,228.11311603808,227.36038072422326,231.96210720447758,0,0,0.019230769230769232,0.019230769230769232
2002-11-17,228.6550609140889,292.8275304570444,228.73272408651366,229.09906708699185,228.78060678905376,230.35856125807965,233.24095940913458,0,0,0.019230769230769232,0.019230769230769232
2002-11-24,230.43225751819907,293.71612875909955,230.51911966281028,230.88773162514278,232.15584960561992,231.55091116066723,237.89461701769312,0,0,0.019230769230769232,0.019230769230769232
2002-12-01,232.3917184999396,294.69585924996977,232.40328302565533,232.4834195613368,233.86698826293468,236.08570899589674,242.24850586433666,0,0,0.019230769230769232,0.019230769230769232
2002-12-08,234.50502666848686,295.7525133342435,234.5491520460177,234.93689174177396,235.76239247496207,238.26442588267128,237.96673217541323,0,0,0.019230769230769232,0.019230769230769232
2002-12-15,236.74153365571595,296.87076682785795,236.80752728624287,237.31564788531355,238.0817888387789,239.7529307808346,245.55715677218996,0,0,0.019230769230769232,0.019230769230769232
2002-12-22,239.0688043958476,298.0344021979238,239.07271210352192,239.75528798694734,239.43178106826684,240.9320469252949,241.55013104338917,0,0,0.019230769230769232,0.019230769230769232
2002-12-29,241.45308751677652,299.22654375838823,241.46461239307737,241.66556473025082,242.79443019305748,244.40598747444443,243.76802421755676,0,0,0.019230769230769232,0.019230769230769232
2003-01-05,243.85980482120428,300.42990241060215,243.91509435098357,244.55463872433512,244.45960660850056,246.15738019557807,251.54632140045356,0,0,0.019230769230769232,0.019230769230769232
2003-01-12,246.25405275885063,301.6270263794253,246.2738463323657,246.7201524082137,247.9672855840143,248.16739586204503,252.4870329493047,0,0,0.019230769230769232,0.019230769230769232
2003-01-19,248.60110861711377,302.8005543085569,248.6782297464224,248.96609662046603,249.72531698537736,252.428703503995,253.1471098901843,0,0,0.019230769230769232,0.019230769230769232
2003-01-26,250.86693408912285,303.93346704456144,250.89036540550285,251.21788403015304,251.87740738012246,254.01782178706944,256.35044014240106,0,0,0.019230769230769232,0.019230769230769232
2003-02-02,253.0186689161582,305.0093344580791,253.09786501902818,253.1512133169139,254.125033008639,255.66629683378258,256.644398940937,0,0,0.019230769230769232,0.019230769230769232
2003-02-09,255.02510744536335,306.0125537226817,255.0992602693199,255.3491159194883,256.33734837708306,257.97603284472035,263.06610299025886,0,0,0.019230769230769232,0.019230769230769232
2003-02-16,256.8571511914448,306.9285755957224,256.9492028555479,257.15028398321806,257.61597824017855,259.6037553715762,261.7437556742464,0,0,0.019230769230769232,0.019230769230769232
2003-02-23,258.4882308390579,307.74411541952895,258.5736531509439,259.4093978004044,259.7531943442528,259.66100266647766,262.2585516822518,0,0,0.019230769230769232,0.019230769230769232
2003-03-02,259.89469156576575,308.4473457828829,259.9041352733222,260.64233321629837,260.28168719829506,260.1059120114916,266.26366041558884,0,0,0.019230769230769232,0.019230769230769232
2003-03-09,261.05613609740516,309.02806804870255,261.15609177456497,261.5907529720124,262.9092939483151,261.37495432767247,266.20176170167986,0,0,0.019230769230769232,0.019230769230769232
2003-03-16,261.9557205206783,309.4778602603391,262.0317140236356,262.0394879807696,262.75022923870984,262.2175960948384,265.45356982142056,0,0,0.019230769230769232,0.019230769230769232
2003-03-23,262.5803985629336,309.7901992814668,262.59273730263124,263.3183597468083,264.05665359722076,263.12542251260675,268.3900971954712,0,0,0.019230769230769232,0.019230769230769232
2003-03-30,262.9211107964531,309.9605553982266,262.92132165713423,263.5171890872281,264.3899088211206,264.6145694843489,265.49451420136324,0,0,0.019230769230769232,0.019230769230769232
2003-04-06,262.9729160233022,309.9864580116511,263.0223727422247,263.69012255391283,264.73112373348613,266.8817552094104,268.1786111788717,0,0,0.019230769230769232,0.019230769230769232
2003-04-13,262.73506293532483,309.86753146766245,262.82637440234424,262.8724024182342,263.6198869682369,266.31383368706537,271.8951024333549,0,0,0.019230769230769232,0.019230769230769232
2003-04-20,262.21100101003157,309.60550050501575,262.2674813491894,262.3333840575296,264.0395003451842,265.7438585450795,271.2507138927443,0,0,0.019230769230769232,0.019230769230769232
2003-04-27,261.40833048436144,309.20416524218075,261.50592204945787,262.15556793691496,261.8498331187184,263.67850202172565,270.6376546507442,0,0,0.019230769230769232,0.019230769230769232
2003-05-04,260.3386921318279,308.66934606591394,260.3843094687146,261.0101386485711,261.36085809043857,261.39689519846803,265.8720927616619,0,0,0.019230769230769232,0.019230769230769232
2003-05-11,259.01759844155896,308.0087992207795,259.0561645650425,259.773266927115,259.99345390944393,262.79355355605054,260.5225927723454,0,0,0.019230769230769232,0.019230769230769232
2003-05-18,257.4642086475696,307.23210432378477,257.51853048803434,257.5553779299391,257.87933549054253,259.7611738384251,261.70853781966656,0,0,0.019230769230769232,0.019230769230769232
2003-05-25,255.70105087091488,306.3505254354574,255.71177015881813,256.1418147649184,256.6918197439537,257.4209101700108,261.4519686064616,0,0,0.019230769230769232,0.019230769230769232
2003-06-01,253.75369540437342,305.3768477021867,253.7593292811352,254.64466444063203,254.33547546087115,254.38158731794195,256.9901269596407,0,0,0.019230769230769232,0.019230769230769232
2003-06-08,251.6503838778679,304.3251919389339,251.7026263497201,252.56017359490804,253.24401267319212,254.26523124549578,261.16972376568907,0,0,0.019230769230769232,0.019230769230769232
2003-06-15,249.42161968267138,303.2108098413357,249.519303868026,249.88121165209844,249.81917558982926,253.09454805183915,256.7460287129552,0,0,0.019230769230769232,0.019230769230769232
2003-06-22,247.09972559429502,302.0498627971475,247.15552752750747,248.0314967801947,248.24022076647952,250.44890731930892,248.9382730338603,0,0,0.019230769230769232,0.019230769230769232
2003-06-29,244.71837500965603,300.859187504828,244.7617953050528,245.046804715266,245.29249380901138,247.28315416755643,249.97358398753002,0,0,0.019230769230769232,0.019230769230769232
2003-07-06,242.31210359678363,299.6560517983918,242.320530466029,243.2960470611701,243.4820422114005,245.27687630105424,247.5527943263371,0,0,0.019230769230769232,0.019230769230769232
2003-07-13,239.91580843939133,298.45790421969565,239.97535683621527,239.96414274475777,240.85829681342105,241.5016361341139,248.80524363664054,0,0,0.019230769230769232,0.019230769230769232
2003-07-20,237.56424193999797,297.28212096999897,237.57477955371095,238.4066794684398,239.36982775889743,237.8608372712693,237.74799635160676,0,0,0.019230769230769232,0.019230769230769232
2003-07-27,235.29150782129588,296.14575391064795,235.386866558259,235.63664824059816,236.85313821107863,237.0808838492783,238.90095292534352,0,0,0.019230769230769232,0.019230769230769232
2003-08-03,233.13056653503403,295.06528326751703,233.2253977681648,233.21354245425997,234.40953472190185,234.5960455429452,236.7494418031412,0,0,0.019230769230769232,0.019230769230769232
2003-08-10,231.11275725125086,294.0563786256255,231.16975701016264,231.8899162268294,231.3046571473742,231.45499967542676,240.6432681944073,0,0,0.019230769230769232,0.019230769230769232
2003-08-17,229.26734336023455,293.13367168011723,229.29560171961194,229.78900255217283,231.25354218759554,231.54985342750146,231.16109243126274,0,0,0.019230769230769232,0.019230769230769232
2003-08-24,227.62108807859315,292.3105440392966,227.69894285830065,227.94411861504852,227.98312356036934,230.8463164163239,233.66062170114282,0,0,0.019230769230769232,0.019230769230769232
2003-08-31,226.19786631423196,291.598933157116,226.2388322134056,226.20888025282903,227.48124717403607,227.31686041383153,234.84280215410388,0,0,0.019230769230769232,0.019230769230769232
2003-09-07,225.01831841918607,291.00915920959307,225.08516784565137,225.6944302056935,225.6886810678597,225.2529814469318,225.94666633481825,0,0,0.019230769230769232,0.019230769230769232
2003-09-14,224.09955085177828,290.54977542588915,224.14564669370077,224.60351727813898,225.32822267160685,227.40579780706585,232.71558013493276,0,0,0.019230769230769232,0.019230769230769232
2003-09-21,223.45488808926467,290.22744404463236,223.52844634518536,224.22037289018186,224.62879433804565,225.9429410420375,229.80826196616903,0,0,0.019230769230769232,0.019230769230769232
2003-09-28,223.09367938886965,290.0468396944348,223.13052047601468,224.0284411334178,223.72863965476242,225.52994929006584,223.23588562585647,0,0,0.019230769230769232,0.019230769230769232
2003-10-05,223.02116319966763,290.0105815998338,223.06658355763392,223.92472099022487,223.94462944090893,226.659470333768,224.16006653211502,0,0,0.019230769230769232,0.019230769230769232
2003-10-12,223.23839119168707,290.1191955958435,223.29073605960474,223.467932244243,224.8856684098709,223.87780230285574,228.3846552605091,0,0,0.019230769230769232,0.019230769230769232
2003-10-19,223.7422130040078,290.3711065020039,223.8103861106616,224.66712219731792,225.32688097755965,225.7934620032664,229.5323660810749,0,0,0.019230769230769232,0.019230769230769232
2003-10-26,224.52532193304384,290.76266096652193,224.5550282727984,224.62121282952992,225.56353343464642,227.8179369751002,233.89292870400192,0,0,0.019230769230769232,0.019230769230769232
2003-11-02,225.57636089841466,291.28818044920735,225.627682253003,226.4601181123701,225.960796909401,227.99926946026457,227.49956958289266,0,0,0.019230769230769232,0.019230769230769232
2003-11-09,226.88008714962908,291.9400435748145,226.92537892707622,227.0097895553217,228.38785025575802,228.2914638780246,235.34021429175408,0,0,0.019230769230769232,0.019230769230769232
2003-11-16,228.41759332491358,292.7087966624568,228.5007051451352,229.14590509369245,229.63898954209446,231.90794754429885,236.4213836468392,0,0,0.019230769230769232,0.019230769230769232
2003-11-23,230.16658165626845,293.58329082813424,230.16677780749075,230.90249092217616,231.66458213358672,232.43324622401778,232.1816558681892,0,0,0.019230769230769232,0.019230769230769232
2003-11-30,232.10168734407594,294.550843672038,232.18307764631192,232.54579722115452,233.17268031363923,234.64390258396537,233.90621432129453,0,0,0.019230769230769232,0.019230769230769232
2003-12-07,234.1948464115043,295.59742320575214,234.23741616750684,234.3263778489494,236.1202700613821,235.61157101850046,236.1476024104888,0,0,0.019230769230769232,0.019230769230769232
2003-12-14,236.41570270387746,296.70785135193876,236.51484963824657,237.388299798839,237.76139426671037,237.14078470676307,244.4216696392508,0,0,0.019230769230769232,0.019230769230769232
2003-12-21,238.7320481304805,297.86602406524025,238.78112233832238,239.3710103979112,239.36678971897223,240.39869453406683,241.8818069549486,0,0,0.019230769230769232,0.019230769230769232
2003-12-28,241.11028976416935,299.0551448820847,241.13741681898077,241.16442052458072,242.37840101710336,244.05774328424638,243.1235463381479,0,0,0.019230769230769232,0.019230769230769232
2004-01-04,243.5159370246471,300.25796851232354,243.59701428123938,244.10199453386264,245.30225434629466,245.53614584788923,250.65464389688387,0,0,0.019230769230769232,0.019230769230769232
2004-01-11,245.91410188000475,301.4570509400024,246.00307874439267,246.1002698486339,247.178432608255,248.9860247899227,249.95370559400746,0,0,0.019230769230769232,0.019230769230769232
2004-01-18,248.2700048123257,302.63500240616287,248.3235266587976,248.41711178349817,249.59368806229372,248.36636293494303,254.05268231567985,0,0,0.019230769230769232,0.019230769230769232
2004-01-25,250.54947920956027,303.7747396047801,250.6363726642514,251.37864634298694,252.37393363755845,253.6901979668359,253.15356007957658,0,0,0.019230769230769232,0.019230769230769232
2004-02-01,252.71946686869876,304.8597334343494,252.74712196894848,253.1991460594133,252.81984467185447,255.16835235462017,256.8575226706856,0,0,0.019230769230769232,0.019230769230769232
2004-02-08,254.74849742418175,305.8742487120909,254.83664748669497,255.43405002211028,255.49459169654088,258.24947621932523,258.4653494056518,0,0,0.019230769230769232,0.019230769230769232
2004-02-15,256.60714474861015,306.80357237430513,256.6259072852404,256.8980635929414,257.21227520433905,258.3387953389164,263.5056977505703,0,0,0.019230769230769232,0.019230769230769232
2004-02-22,258.2684537067789,307.63422685338946,258.3163266669103,258.86903723981237,260.16263720057464,259.8155901763525,260.8516924067753,0,0,0.019230769230769232,0.019230769230769232
2004-02-29,259.7083310740096,308.3541655370048,259.769967184245,259.9634630775476,260.14546976318553,261.45020101924774,262.9395586919064,0,0,0.019230769230769232,0.019230769230769232
2004-03-07,260.9058949494691,308.9529474747346,260.9546581101692,261.2597540261601,262.75695785144956,264.67309046999645,266.7514899516391,0,0,0.019230769230769232,0.019230769230769232
2004-03-14,261.84377759708633,309.42188879854314,261.8700866556175,261.872633195552,262.0235698000782,262.7725333841273,264.24332783564466,0,0,0.019230769230769232,0.019230769230769232
2004-03-21,262.5083773221013,309.75418866105065,262.5692383854904,262.8238519848844,264.38957051194615,263.40102958316834,263.54050387217524,0,0,0.019230769230769232,0.019230769230769232
2004-03-28,262.890055730393,309.9450278651965,262.9272736892962,263.0963734052006,263.1446740590982,265.17419795324486,267.14525791892765,0,0,0.019230769230769232,0.019230769230769232
2004-04-04,262.9832775098204,309.9916387549102,263.0825939136534,263.30562711638976,263.28072940434333,265.5233575670914,268.0788538165728,0,0,0.019230769230769232,0.019230769230769232
2004-04-11,262.78669070639245,309.8933453531962,262.86312173030933,262.87637924236583,264.4460949413097,264.0607349667227,265.2944619938008,0,0,0.019230769230769232,0.019230769230769232
2004-04-18,262.3031463310547,309.65157316552734,262.3888714713832,262.48947442789,263.5120479348358,264.8265846117739,270.8515009852006,0,0,0.019230769230769232,0.019230769230769232
2004-04-25,261.53965701274626,309.26982850637313,261.56254376872033,262.2670966233955,263.41416849590405,264.13956618616595,263.5005043034126,0,0,0.019230769230769232,0.019230769230769232
2004-05-02,260.50729529736236,308.7536476486812,260.5504621777087,261.076357011808,261.367815544977,264.1994957442849,269.2223019751204,0,0,0.019230769230769232,0.019230769230769232
2004-05-09,259.2210330675475,308.11051653377376,259.2459466387435,260.0182106546341,260.79894074642397,260.25972520714345,266.13717950179307,0,0,0.019230769230769232,0.019230769230769232
2004-05-16,257.69952441214275,307.3497622060714,257.7004421205123,258.2331093676593,258.66750215778916,258.41792939012555,267.454272326305,0,0,0.019230769230769232,0.019230769230769232
2004-05-23,255.96483509423467,306.48241754711734,256.03045182946585,256.40616038237613,255.98068634142055,257.8273265849977,259.49812681163075,0,0,0.019230769230769232,0.019230769230769232
2004-05-30,254.04212254121072,305.5210612706054,254.14144841575586,254.98217939030405,255.8951147664902,257.18306475461935,261.99500339486616,0,0,0.019230769230769232,0.019230769230769232
2004-06-06,251.95927099778282,304.4796354988914,251.9625327379791,252.32519059564453,252.25628244665458,254.29986335800461,252.60932446666254,0,0,0.019230769230769232,0.019230769230769232
2004-06-13,249.74648713319246,303.3732435665962,249.77215035575009,250.37497094808703,251.5907236659765,252.67515023570104,256.1674256912574,0,0,0.019230769230769232,0.019230769230769232
2004-06-20,247.435861967326,302.217930983663,247.50497930543725,247.56681393611134,247.9443691467406,247.53819835066346,252.48948247698888,0,0,0.019230769230769232,0.019230769230769232
2004-06-27,245.060905468931,301.03045273446554,245.06664661843362,245.34924013495836,246.75831324880238,245.96785726299015,246.1148930053257,0,0,0.019230769230769232,0.019230769230769232
2004-07-04,242.65606057544886,299.82803028772446,242.70004903459863,242.9519216837063,243.21856464799626,245.49741260063047,252.40042644432856,0,0,0.019230769230769232,0.019230769230769232
2004-07-11,240.25620368241707,298.62810184120855,240.2780148058712,240.62893207429295,240.9447078278619,240.6804318020467,248.0965798976453,0,0,0.019230769230769232,0.019230769230769232
2004-07-18,237.89613884662168,297.4480694233108,237.96505316544162,238.184261248284,238.8867531462858,240.792872271187,242.63955171565976,0,0,0.019230769230769232,0.019230769230769232
2004-07-25,235.61009303834692,296.30504651917346,235.6239593688917,236.39060155006624,237.3171079662028,236.74845361520715,244.44601408373674,0,0,0.019230769230769232,0.019230769230769232
2004-08-01,233.43121976285298,295.2156098814265,233.4797660405481,233.94179211741599,234.7553989357195,234.0885121392187,243.10666818528358,0,0,0.019230769230769232,0.019230769230769232
2004-08-08,231.39111824983996,294.19555912491995,231.40192795592066,231.6487646246677,231.67268835308212,234.51639551889326,232.83142041197044,0,0,0.019230769230769232,0.019230769230769232
2004-08-15,229.51937518387825,293.25968759193916,229.57201032082216,229.59326551999,230.35570786290327,230.197980686173,229.68499362554633,0,0,0.019230769230769232,0.019230769230769232
2004-08-22,227.84313562188615,292.4215678109431,227.91139242807648,228.46594186592745,228.6627031881555,228.05570026546133,234.43092464749014,0,0,0.019230769230769232,0.019230769230769232
2004-08-29,226.38670932044624,291.6933546602231,226.40505534377334,226.96317279974198,227.30838155327407,229.91646726110912,233.07728092053463,0,0,0.019230769230769232,0.019230769230769232
2004-09-05,225.17121818222165,291.0856090911108,225.2592906586709,226.13676949356324,225.92360332229276,226.368700237276,234.98219279096924,0,0,0.019230769230769232,0.019230769230769232
2004-09-12,224.21428993439935,290.60714496719964,224.2260080601045,224.30333273102528,225.82783657280828,224.9676534671071,232.57713662501513,0,0,0.019230769230769232,0.019230769230769232
2004-09-19,223.52980248160515,290.26490124080254,223.62617536465626,223.94423340181228,224.1882222637205,227.36924704003775,224.96064137276073,0,0,0.019230769230769232,0.019230769230769232
2004-09-26,223.127682640828,290.063841320414,223.13134265707592,223.86704756739817,223.17465060684802,226.0706468075903,228.97704067462558,0,0,0.019230769230769232,0.019230769230769232
2004-10-03,223.01376217720932,290.00688108860464,223.0335152119775,223.3586717841929,223.53672727751103,226.1502816169585,228.38452760338404,0,0,0.019230769230769232,0.019230769230769232
2004-10-10,223.1896932285479,290.094846614274,223.1928049474215,223.8329702697009,224.36353594991914,225.65094319949705,230.53718334605702,0,0,0.019230769230769232,0.019230769230769232
2004-10-17,223.65292434508078,290.3264621725404,223.71384821162326,224.4493585925344,224.70685286385216,225.13521198917354,231.61243076114647,0,0,0.019230769230769232,0.019230769230769232
2004-10-24,224.39673749202342,290.69836874601174,224.43071458402338,225.24387738953055,225.49173212064858,227.0168024159352,233.0922838671178,0,0,0.019230769230769232,0.019230769230769232
2004-10-31,225.41034547823983,291.2051727391199,225.44314609548772,226.04106141276932,227.24016685178853,229.09607786855142,232.17497575411002,0,0,0.019230769230769232,0.019230769230769232
2004-11-07,226.6790483980757,291.8395241990379,226.73158551471082,227.1841909304229,228.62475998197291,228.82306621797574,229.13953797187608,0,0,0.019230769230769232,0.019230769230769232
2004-11-14,228.18444681755028,292.59222340877517,228.23193239943123,228.70797378192086,228.49570342906281,229.75573789028314,228.3340176762536,0,0,0.019230769230769232,0.019230769230769232
2004-11-21,229.90470861316092,293.45235430658045,229.9739780210089,229.98854405837895,231.03737940114038,230.2373075463258,234.3882025749895,0,0,0.019230769230769232,0.019230769230769232
2004-11-28,231.8148855934571,294.40744279672856,231.8292815124549,232.49809477320514,232.84983938393347,233.38097593126926,238.46262188867715,0,0,0.019230769230769232,0.019230769230769232
2004-12-05,233.88727531156078,295.44363765578044,233.96671488445872,234.52015520515087,235.53992835400507,234.60638710214783,243.86366750364058,0,0,0.019230769230769232,0.019230769230769232
2004-12-12,236.09182282142865,296.5459114107143,236.17592450181644,236.29495001256447,237.60328538558906,237.0329685893863,243.97773414162714,0,0,0.019230769230769232,0.019230769230769232
2004-12-19,238.39655655136232,297.69827827568116,238.47838916170588,238.56808222429456,239.5046205256414,241.89005597761428,242.72379967664907,0,0,0.019230769230769232,0.019230769230769232
2004-12-26,240.76805197348835,298.8840259867442,240.82389126284775,241.53955848474544,240.87633907974282,242.15346822065877,250.24488071263113,0,0,0.019230769230769232,0.019230769230769232
2005-01-02,243.17191634481466,300.08595817240735,243.2476325309966,243.55942661002243,243.237193297403,246.84355616443372,246.63083675693906,0,0,0.019230769230769232,0.019230769230769232
2005-01-09,245.57328748988036,301.2866437449402,245.58488056925844,245.65459815358227,246.36736176800156,247.41506782871258,250.45925971886118,0,0,0.019230769230769232,0.019230769230769232
2005-01-16,247.9373393913758,302.4686696956879,248.00842718148155,248.20849906679996,248.50751366642953,249.73997578817213,247.96456142648688,0,0,0.019230769230769232,0.019230769230769232
2005-01-23,250.22978725637677,303.6148936281884,250.28904150564014,250.5079271835255,251.46173429495616,252.92300170105946,250.67517284824208,0,0,0.019230769230769232,0.019230769230769232
2005-01-30,252.41738473344284,304.7086923667214,252.4223334776997,252.87868246830467,253.13200879896027,255.80879193763684,257.7031893161674,0,0,0.019230769230769232,0.019230769230769232
2005-02-06,254.46840606966003,305.73420303483,254.5528837427427,254.66452957878963,254.75858987644855,257.43737849106,258.5695485640841,0,0,0.019230769230769232,0.019230769230769232
2005-02-13,256.3531062151203,306.67655310756015,256.45205756402595,257.18435211087984,257.9546291543633,256.40273939272475,261.1938656700069,0,0,0.019230769230769232,0.019230769230769232
2005-02-20,258.0441522021464,307.5220761010732,258.1048401809256,258.30102373886746,258.28761691382914,260.3745046094914,260.1525032428754,0,0,0.019230769230769232,0.019230769230769232
2005-02-27,259.5170195431609,308.25850977158046,259.5760070342704,259.8261498298282,260.39045923933566,259.84152451420096,269.4821782568572,0,0,0.019230769230769232,0.019230769230769232
2005-03-06,260.7503478984187,308.87517394920934,260.82057588032234,261.402647376149,261.8192906085983,262.9666786426397,261.68891219123617,0,0,0.019230769230769232,0.019230769230769232
2005-03-13,261.7262508555103,309.3631254277551,261.7983728384735,262.2849464835056,263.7094312062769,264.381168066024,262.390989518223,0,0,0.019230769230769232,0.019230769230769232
2005-03-20,262.43057532804323,309.7152876640216,262.50495071537074,262.90910905350836,263.56498045649573,262.91374704373453,271.6795867527875,0,0,0.019230769230769232,0.019230769230769232
2005-03-27,262.8531068115574,309.9265534057787,262.93489654695304,263.043112418623,263.5117246494296,266.5426373750569,263.0943384596748,0,0,0.019230769230769232,0.019230769230769232
2005-04-03,262.98771751993803,309.99385875996904,262.9930569038962,263.1048249904545,263.0764097713524,264.96074658513953,264.0609074981579,0,0,0.019230769230769232,0.019230769230769232
2005-04-10,262.832455253972,309.916227626986,262.90748874138023,263.0740193813471,263.84083098192565,266.35284019093,271.7899677282873,0,0,0.019230769230769232,0.019230769230769232
2005-04-17,262.3895717132239,309.69478585661193,262.3905420454122,262.81497233529916,263.5127671976384,265.5514432333715,268.8980004713707,0,0,0.019230769230769232,0.019230769230769232
2005-04-24,261.66548984063957,309.33274492031984,261.66562071379343,262.36272030605085,261.8728663751694,264.3359179656141,267.5559770446989,0,0,0.019230769230769232,0.019230769230769232
2005-05-01,260.6707106734619,308.8353553367309,260.675285182134,261.05971602908676,260.7029827304939,262.43300775511244,263.93070831367623,0,0,0.019230769230769232,0.019230769230769232
2005-05-08,259.41966105135964,308.2098305256798,259.45438436179256,260.3197737094172,261.30136521591453,262.04329550383017,261.9020029341022,0,0,0.019230769230769232,0.019230769230769232
2005-05-15,257.9304843903909,307.46524219519546,258.00117802520765,258.51911551382307,259.4993267791519,258.28086266741445,263.9714176537763,0,0,0.019230769230769232,0.019230769230769232
2005-05-22,256.22477755711196,306.61238877855595,256.2287745090913,256.4140331875571,257.73316753437206,256.56470820488124,261.4711872704431,0,0,0.019230769230769232,0.019230769230769232
2005-05-29,254.32727765883052,305.6636388294153,254.41374117451969,254.3428418417192,255.48404177053604,254.4591131026282,259.5209029614447,0,0,0.019230769230769232,0.019230769230769232
2005-06-05,252.26550329234422,304.6327516461721,252.2682261347647,252.3902310933931,253.18649089407293,254.4949832586791,256.22892576054824,0,0,0.019230769230769232,0.019230769230769232
2005-06-12,250.0693554539749,303.53467772698747,250.1514168681934,250.67616670233676,250.6171653296881,250.47016477861297,250.68634563802686,0,0,0.019230769230769232,0.019230769230769232
2005-06-19,247.77068389872227,302.38534194936113,247.85400308777278,248.03816970690156,248.86166494495012,249.56514186975517,255.97927050884226,0,0,0.019230769230769232,0.019230769230769232
2005-06-26,245.40282523743758,301.2014126187188,245.47623665743546,245.66671385760608,247.25701716406007,248.86343072027077,251.98205507148487,0,0,0.019230769230769232,0.019230769230769232
2005-07-03,243.0001194707885,300.00005973539425,243.0340914227182,243.26046634082832,244.09401491117615,244.35218385962352,246.81780694649188,0,0,0.019230769230769232,0.019230769230769232
2005-07-10,240.59741197150765,298.7987059857538,240.60015543926764,240.6464619432656,242.14669735972083,240.6583502849333,240.80307082873261,0,0,0.019230769230769232,0.019230769230769232
2005-07-17,238.2295481374555,297.61477406872774,238.24484184356157,239.03874046586697,239.18717202542965,241.29307355583123,245.42550779958154,0,0,0.019230769230769232,0.019230769230769232
2005-07-24,235.93086804431792,296.46543402215895,235.9742617120197,236.19325152731585,237.2523842512386,238.7371262685301,240.1004044986877,0,0,0.019230769230769232,0.019230769230769232
2005-07-31,233.73470842676738,295.3673542133837,233.7420664008423,233.93958635462596,235.58414809456852,235.92137630565458,234.88791946113784,0,0,0.019230769230769232,0.019230769230769232
2005-08-07,231.67291921063176,294.3364596053159,231.74974889339953,232.3636405715715,231.80552742260994,234.4909283633474,240.1339722381084,0,0,0.019230769230769232,0.019230769230769232
2005-08-14,229.77540160759074,293.3877008037954,229.83105359136619,230.54303060279997,230.17268363856815,232.6292404302455,237.97856573573486,0,0,0.019230769230769232,0.019230769230769232
2005-08-21,228.06967447120633,292.53483723560316,228.08221168202869,228.44029154612855,229.87341977857574,229.79314379170924,235.71621163817193,0,0,0.019230769230769232,0.019230769230769232
2005-08-28,226.58047520323302,291.7902376016165,226.67095009702547,226.6129419595215,227.98868740423276,230.53544872701465,226.88669740629427,0,0,0.019230769230769232,0.019230769230769232
2005-09-04,225.32940099808647,291.16470049904325,225.37906516194744,225.41919149684855,226.25021065613402,227.25787715769226,233.75015139315175,0,0,0.019230769230769232,0.019230769230769232
2005-09-11,224.33459562834165,290.6672978141708,224.36605137603556,224.85884701429862,225.2688309265461,227.9185666347164,229.62429135498502,0,0,0.019230769230769232,0.019230769230769232
2005-09-18,223.61048631367163,290.30524315683584,223.709780876661,223.9191592688923,223.6411042544662,226.69014673299048,229.45274103843846,0,0,0.019230769230769232,0.019230769230769232
2005-09-25,223.16757448929965,290.0837872446498,223.16838600271424,223.3148796394179,224.46947122037108,227.00915930607957,231.28306891383704,0,0,0.019230769230769232,0.019230769230769232
2005-10-02,223.0122835083562,290.0061417541781,223.03047056753596,223.4461032455866,223.39058624306452,225.45474513215888,230.38338870703134,0,0,0.019230769230769232,0.019230769230769232
2005-10-09,223.1468654868466,290.07343274342327,223.1886971828661,223.57964051822663,224.4005694256957,225.87839377140594,231.67912617318754,0,0,0.019230769230769232,0.019230769230769232
2005-10-16,223.56936864221439,290.2846843211072,223.6401053649768,223.80239008315053,225.52781587512118,224.36483970631346,227.02914393003573,0,0,0.019230769230769232,0.019230769230769232
2005-10-23,224.27366559917544,290.63683279958775,224.31400341522797,225.25273549009404,224.5723018360086,226.08425967468406,233.73012003141605,0,0,0.019230769230769232,0.019230769230769232
2005-10-30,225.2495422523156,291.1247711261578,225.33444785426883,226.0393421007378,226.41998399587212,225.94064925834923,231.13189819490253,0,0,0.019230769230769232,0.019230769230769232
2005-11-06,226.48284589671695,291.7414229483585,226.57794300397794,227.10291554859575,227.64591354342267,228.81518242616505,233.42995060696697,0,0,0.019230769230769232,0.019230769230769232
2005-11-13,227.95569047834073,292.4778452391704,228.03254787223736,228.43478696845978,228.79280959062825,228.13122528286152,237.09070997366456,0,0,0.019230769230769232,0.019230769230769232
2005-11-20,229.6467159875109,293.32335799375545,229.7163040193945,229.96259797197078,230.82219066420348,230.6110121375001,236.24597827513082,0,0,0.019230769230769232,0.019230769230769232
2005-11-27,231.53139823363145,294.2656991168157,231.57029826088024,232.0406493512936,233.17540194094906,234.23947614838838,239.86687400778138,0,0,0.019230769230769232,0.019230769230769232
2005-12-04,233.58240450861118,295.2912022543056,233.6518687823431,234.39286288492815,233.88202498825177,234.8661634682633,241.94925779270537,0,0,0.019230769230769232,0.019230769230769232
2005-12-11,235.76998998096846,296.38499499048424,235.82150899164154,236.29397430735108,236.12612242794538,235.79061990309964,245.19896839247667,0,0,0.019230769230769232,0.019230769230769232
2005-12-18,238.0624290718884,297.5312145359442,238.09352646407785,238.7735288196478,238.69668649912228,240.4991265303268,247.8226557952372,0,0,0.019230769230769232,0.019230769230769232
2005-12-25,240.426475557177,298.7132377785885,240.49078440584083,240.4732773445239,240.8042508606777,241.01090730439282,249.89310818120515,0,0,0.019230769230769232,0.019230769230769232
2006-01-01,242.827844722459,299.91392236122954,242.91143286399446,242.9581680519459,243.93793443609434,246.70873113443344,251.24410915059107,0,0,0.019230769230769232,0.019230769230769232
2006-01-08,245.23171057913666,301.1158552895683,245.31177624139454,245.90081565361572,245.95929039986072,248.90413942980157,253.71357010541888,0,0,0.019230769230769232,0.019230769230769232
2006-01-15,247.60321093020764,302.3016054651038,247.6814116701834,247.88182334064714,249.43803887598176,251.58755237527066,255.31950432745953,0,0,0.019230769230769232,0.019230769230769232
2006-01-22,249.90795296119762,303.4539764805988,249.99879719825432,250.04039839268847,250.40900465380443,252.48901325072538,257.42935095554606,0,0,0.019230769230769232,0.019230769230769232
2006-01-29,252.11251202384656,304.55625601192327,252.1816482312037,253.08254352222195,252.89213296388678,254.37785506452707,255.00936995233616,0,0,0.019230769230769232,0.019230769230769232
2006-02-05,254.18491637891137,305.59245818945567,254.18770334357094,254.58674041413263,254.5717589175867,257.1401248927088,255.56276452500518,0,0,0.019230769230769232,0.019230769230769232
2006-02-12,256.0951108680752,306.54755543403763,256.1282226965953,256.22073549416143,257.31793652988205,257.3877915626929,262.9862518945975,0,0,0.019230769230769232,0.019230769230769232
2006-02-19,257.815392790537,307.4076963952685,257.8706853344191,258.57031499828844,258.55821883927166,259.1658523049289,262.11276779707595,0,0,0.019230769230769232,0.019230769230769232
2006-02-26,259.32081366295506,308.16040683147753,259.3593436896738,259.6472570798512,261.3120247560509,262.3998540954043,261.93301672462894,0,0,0.019230769230769232,0.019230769230769232
2006-03-05,260.58954103620204,308.794770518101,260.6585111321048,260.80370021553654,261.921168237131,264.0385100237937,261.28137968060844,0,0,0.019230769230769232,0.019230769230769232
2006-03-12,261.60317512166006,309.30158756083006,261.6526236741995,261.84124183575915,263.32712886512246,264.5724612124355,263.4654996441567,0,0,0.019230769230769232,0.019230769230769232
2006-03-19,262.34701563516927,309.67350781758466,262.36562486859617,262.597875886148,264.1753064347901,263.62087657461194,266.7665432434874,0,0,0.019230769230769232,0.019230769230769232
2006-03-26,262.81027498870833,309.90513749435416,262.8963140738937,263.0166082381779,264.2805742024105,264.60741953899975,263.4113465747797,0,0,0.019230769230769232,0.019230769230769232
2006-04-02,262.9862347379842,309.9931173689921,263.0779453545422,263.5508099613403,264.97170023907915,265.2882359977276,269.89327121477,0,0,0.019230769230769232,0.019230769230769232
2006-04-09,262.8723430170403,309.93617150852015,262.9466050330287,263.255387747931,263.038321203152,263.91941499924434,270.074292249059,0,0,0.019230769230769232,0.019230769230769232
2006-04-16,262.4702515468333,309.73512577341666,262.5251245699603,263.2012636927862,263.122834827518,263.0507009156343,269.0242194859808,0,0,0.019230769230769232,0.019230769230769232
2006-04-23,261.7857916810589,309.39289584052943,261.8364991225253,262.68166389078107,261.95608813782,265.4765384435968,271.5735406322119,0,0,0.019230769230769232,0.019230769230769232
2006-04-30,260.82888983662366,308.9144449183118,260.9206935331814,261.39572838780566,261.4578284141416,263.5804406546487,268.0652178432901,0,0,0.019230769230769232,0.019230769230769232
2006-05-07,259.6134235352369,308.3067117676185,259.6761486222683,259.73454316957447,260.6838182976118,261.26161061501017,268.09274210837265,0,0,0.019230769230769232,0.019230769230769232
2006-05-14,258.15702014388796,307.578510071944,258.1796865293945,258.21846015563295,258.94511533853193,259.98928499869834,267.53833893029775,0,0,0.019230769230769232,0.019230769230769232
2006-05-21,256.480801232985,306.74040061649254,256.5280932372045,256.9952856253088,257.7509857360346,259.3434680127171,266.04531365200336,0,0,0.019230769230769232,0.019230769230769232
2006-05-28,254.60907625961732,305.8045381298087,254.64317668155996,255.53314743370873,255.12179642693135,258.3547330320139,262.1298776929485,0,0,0.019230769230769232,0.019230769230769232
2006-06-04,252.56899001831414,304.78449500915707,252.59159407542072,253.36670968743496,253.02582718335657,252.6782587097834,260.4222430854731,0,0,0.019230769230769232,0.019230769230769232
2006-06-11,250.39012897216713,303.69506448608354,250.4162121933084,251.02362660033185,250.4033179866031,254.2086256277366,258.0406742720386,0,0,0.019230769230769232,0.019230769230769232
2006-06-18,248.10409217351958,302.5520460867598,248.10630021162575,248.620409843903,248.25473920648002,250.61031052772475,249.26433026207033,0,0,0.019230769230769232,0.019230769230769232
2006-06-25,245.74403299696905,301.3720164984845,245.80194833044163,245.89427590925203,246.06710113670457,248.7756210180757,252.58808289849756,0,0,0.019230769230769232,0.019230769230769232
2006-07-02,243.3441783307263,300.1720891653631,243.39036091102048,244.3303431575755,244.2253116787134,245.1429885940159,251.36450672590985,0,0,0.019230769230769232,0.019230769230769232
2006-07-09,240.93933219928323,298.9696660996416,240.99239567752954,241.45887188810244,242.16604129194732,241.39979915372695,248.4304416449332,0,0,0.019230769230769232,0.019230769230769232
2006-07-16,238.564371016131,297.7821855080655,238.65001554480014,239.50883900606624,239.6648839678824,239.47334280054565,243.51533943104454,0,0,0.019230769230769232,0.019230769230769232
2006-07-23,236.25373778665175,296.62686889332593,236.3520732916118,237.00995573530184,238.03333241425423,238.67959525681536,242.64438938079658,0,0,0.019230769230769232,0.019230769230769232
2006-07-30,234.0409425965363,295.52047129826815,234.07655517490866,234.097457587849,235.30619915973176,235.18655900246014,235.3405669385814,0,0,0.019230769230769232,0.019230769230769232
2006-08-06,231.9580766299199,294.47903831495995,232.04442960931058,232.5434592014581,232.93582536880797,234.70527318078558,235.26549777365926,0,0,0.019230769230769232,0.019230769230769232
2006-08-13,230.03534676521713,293.51767338260856,230.0621963590385,230.61834632327566,230.40594345553757,230.87873578075354,232.5620371954384,0,0,0.019230769230769232,0.019230769230769232
2006-08-20,228.30063749820346,292.65031874910176,228.3714427685225,228.75441619335533,228.52504608086247,229.20886612567844,229.09968462382238,0,0,0.019230769230769232,0.019230769230769232
2006-08-27,226.7791065455795,291.8895532727897,226.86598955904716,227.2893701497075,228.29258140839218,228.30609219900074,234.32214897250344,0,0,0.019230769230769232,0.019230769230769232
2006-09-03,225.49281999379832,291.24640999689916,225.5402765160874,225.95834924405602,226.83774268666662,226.33040201459025,227.53540817575566,0,0,0.019230769230769232,0.019230769230769232
2006-09-10,224.46043228443176,290.73021614221585,224.50031569692106,225.36095114839176,225.46047537396478,226.35477169859084,229.80745878200645,0,0,0.019230769230769232,0.019230769230769232
2006-09-17,223.69691567710333,290.34845783855167,223.7845784847852,224.02716958834094,225.03214868433406,224.15629923722872,225.3637080856673,0,0,0.019230769230769232,0.019230769230769232
2006-09-24,223.21334311346885,290.10667155673445,223.24631366436222,223.58507817960412,224.40399541261823,225.43946190198739,230.96276433795407,0,0,0.019230769230769232,0.019230769230769232
2006-10-01,223.01672763126982,290.00836381563494,223.10002451462142,223.1322680338946,224.57364453085665,226.4869605932526,227.22893014731144,0,0,0.019230769230769232,0.019230769230769232
2006-10-08,223.10992065736727,290.05496032868365,223.1235095525268,223.77201188208767,223.86125631884073,223.50708378871676,223.32220496569084,0,0,0.019230769230769232,0.019230769230769232
2006-10-15,223.4915706547667,290.2457853273833,223.5432780244902,223.53263587647467,224.47381050647587,226.89770576740614,223.72155329832697,0,0,0.019230769230769232,0.019230769230769232
2006-10-22,224.15614272335782,290.5780713616789,224.16954834255728,224.61586788291794,225.7810707396562,224.8041778643017,230.31403338392684,0,0,0.019230769230769232,0.019230769230769232
2006-10-29,225.09399887010827,291.0469994350541,225.1204493956453,225.2674974126065,225.33744954055254,226.83198857393504,234.87687232311583,0,0,0.019230769230769232,0.019230769230769232
2006-11-05,226.29153778458846,291.6457688922942,226.37395129015164,226.71869149817266,226.77866893078644,227.95689618498312,231.31429090898152,0,0,0.019230769230769232,0.019230769230769232
2006-11-12,227.73139209272526,292.36569604636264,227.80886375984434,227.84418114751475,228.7293827365479,230.63482559838144,230.24391528741057,0,0,0.019230769230769232,0.019230769230769232
2006-11-19,229.39268022810123,293.1963401140506,229.39626574326462,229.6772217226634,230.3998521512079,233.10230262931987,234.3524006691505,0,0,0.019230769230769232,0.019230769230769232
2006-11-26,231.25130926802186,294.12565463401097,231.34722713860612,231.34621527018984,232.19349837313987,233.20620468028395,240.56401862405184,0,0,0.019230769230769232,0.019230769230769232
2006-12-03,233.28032434245398,295.140162171227,233.31268080429223,233.30775801873924,233.7137705104929,235.49671382795833,240.4545761720964,0,0,0.019230769230769232,0.019230769230769232
2006-12-10,235.45029954851336,296.22514977425664,235.50368734482305,235.66980876218076,236.43552715837075,239.29386932397279,237.15855579009184,0,0,0.019230769230769232,0.019230769230769232
2006-12-17,237.72976470124198,297.364882350621,237.73857809943073,238.33063037991082,239.7050249370067,241.04658562443055,246.218476013378,0,0,0.019230769230769232,0.019230769230769232
2006-12-24,240.08566173169928,298.5428308658496,240.11853015966113,240.2291613062758,240.25115524006858,242.03508064471092,247.1081724577867,0,0,0.019230769230769232,0.019230769230769232
2006-12-31,242.4838241134275,299.7419120567138,242.57748352622525,242.5849461592679,244.44993665590172,246.45212226164006,246.36613082726257,0,0,0.019230769230769232,0.019230769230769232
2007-01-07,244.88947236438406,300.94473618219206,244.9055424186792,245.58591971181988,245.05277105214995,247.623257398354,247.86532929779162,0,0,0.019230769230769232,0.019230769230769232
2007-01-14,247.26771843829545,302.1338592191477,247.32670518079067,247.73549978618726,249.1079954277343,250.70333013309468,249.40257793899605,0,0,0.019230769230769232,0.019230769230769232
2007-01-21,249.58407169047024,303.29203584523515,249.62609917267724,249.78015284921443,250.94213226229337,252.2747441253858,251.96894766015924,0,0,0.019230769230769232,0.019230769230769232
2007-01-28,251.80493908027356,304.4024695401368,251.81334004940865,252.29794823270709,252.07645350520386,252.33183969775922,256.8076577771047,0,0,0.019230769230769232,0.019230769230769232
2007-02-04,253.8981123560494,305.44905617802465,253.9460251679745,254.03171492581498,254.30065430211414,254.0764577849635,260.33647119389684,0,0,0.019230769230769232,0.019230769230769232
2007-02-11,255.8332351570643,306.41661757853217,255.91485957434364,256.76718298549594,257.0885233172203,256.8279208786636,263.4155410597984,0,0,0.019230769230769232,0.019230769230769232
2007-02-18,257.58224325830133,307.29112162915067,257.67032801275116,258.38697843890833,259.2275630118907,261.54945284716655,266.33533593871243,0,0,0.019230769230769232,0.019230769230769232
2007-02-25,259.1197715734289,308.05988578671446,259.1518047065938,259.17398469883005,259.7547024124137,260.46769396168423,263.0819021816542,0,0,0.019230769230769232,0.019230769230769232
2007-03-04,260.423522013363,308.7117610066815,260.5072770215206,261.15527623098603,260.7949167683196,261.5327240650294,260.64684878045426,0,0,0.019230769230769232,0.019230769230769232
2007-03-11,261.474586865532,309.23729343276597,261.5713327186654,261.6240462260787,262.75214253014263,263.82152606183416,264.295666974664,0,0,0.019230769230769232,0.019230769230769232
2007-03-18,262.25772300401985,309.6288615020099,262.35177814562303,262.40037759282177,262.4288690034382,264.86790870567364,265.4710244996757,0,0,0.019230769230769232,0.019230769230769232
2007-03-25,262.76157295383945,309.8807864769197,262.78005137684056,263.59111116600707,263.6392126622166,263.78333993174306,266.5848263740878,0,0,0.019230769230769232,0.019230769230769232
2007-04-01,262.97882960333925,309.9894148016696,262.99249299015787,263.08992166293206,264.76867167613636,264.4312367496059,270.6916374027369,0,0,0.019230769230769232,0.019230769230769232
2007-04-08,262.9063421759924,309.95317108799617,262.964332816683,263.55764069512236,264.2032271025282,266.80125493521905,263.92978923828645,0,0,0.019230769230769232,0.019230769230769232
2007-04-15,262.5451619247069,309.77258096235346,262.5836146931587,263.0601020066407,263.7683507549673,266.41451993144307,264.2723329639034,0,0,0.019230769230769232,0.019230769230769232
2007-04-22,261.9005268859725,309.4502634429862,261.94867839627557,262.61252046102175,261.9571139815611,264.3035521932587,269.92404126650297,0,0,0.019230769230769232,0.019230769230769232
2007-04-29,260.98178591494786,308.99089295747393,261.0086865535016,261.2568511031446,261.21294230251664,261.4746681641986,267.7412578757959,0,0,0.019230769230769232,0.019230769230769232
2007-05-06,259.80226310317363,308.40113155158684,259.8348333786527,259.952239923709,260.34312809944447,263.6467879741682,261.0582881590218,0,0,0.019230769230769232,0.019230769230769232
2007-05-13,258.379064545201,307.6895322726005,258.40399836653893,258.56405186823224,260.1486178192322,259.22232366294986,259.0664297617682,0,0,0.019230769230769232,0.019230769230769232
2007-05-20,256.73283025651324,306.8664151282566,256.7680392008754,257.51479434197,258.13306506600935,257.995746050889,259.08700847059276,0,0,0.019230769230769232,0.019230769230769232
2007-05-27,254.88743484056405,305.94371742028204,254.93033549537003,255.8102343308027,256.6380972401347,258.08933776114213,255.3509928841642,0,0,0.019230769230769232,0.019230769230769232
2007-06-03,252.86964124602594,304.93482062301297,252.8836627277055,253.1311153872938,254.08611834762212,254.49789637503372,254.0185841928111,0,0,0.019230769230769232,0.019230769230769232
2007-06-10,250.7087126356529,303.85435631782644,250.7203143576058,251.39676282586117,252.57347832931808,251.54657202252787,253.50432474117935,0,0,0.019230769230769232,0.019230769230769232
2007-06-17,248.43598799565055,302.71799399782526,248.46759663003357,248.61708473894367,249.03483893618153,249.1378372884598,253.93317727266174,0,0,0.019230769230769232,0.019230769230769232
2007-06-24,246.08442764030247,301.54221382015123,246.13859486412798,246.6934901519872,247.96444737638222,247.85590734348662,248.83696406781672,0,0,0.019230769230769232,0.019230769230769232
2007-07-01,243.6881352031967,300.3440676015984,243.7269162932341,243.9567834124792,245.0898861896449,244.12677273547942,252.88758528140727,0,0,0.019230769230769232,0.019230769230769232
2007-07-08,241.28186304740098,299.1409315237005,241.32600139898264,241.88347647284343,241.32472601506942,244.9197996153512,245.42348716170198,0,0,0.019230769230769232,0.019230769230769232
2007-07-15,238.90050826740307,297.95025413370155,238.98618964201933,239.85145840568862,239.1689049336982,240.67414717846995,245.64555344748246,0,0,0.019230769230769232,0.019230769230769232
2007-07-22,236.57860659207574,296.7893032960378,236.59070239599967,237.02946713551452,238.2768548608583,240.34716886198703,241.49787268130763,0,0,0.019230769230769232,0.019230769230769232
2007-07-29,234.34983152836614,295.674915764183,234.35645178873463,234.81414438307598,234.86632229019628,237.95856119152606,241.6432398471057,0,0,0.019230769230769232,0.019230769230769232
2007-08-05,232.2465060094068,294.6232530047034,232.31521311442387,232.36127128293663,233.92606635464116,235.13831996802966,238.50522915141164,0,0,0.019230769230769232,0.019230769230769232
2007-08-12,230.2991336293971,293.6495668146985,230.3565987255331,231.09002703526266,231.8695682263614,230.6049543371532,238.186306645975,0,0,0.019230769230769232,0.019230769230769232
2007-08-19,228.53595626354814,292.7679781317741,228.63054984479075,228.9318233130957,229.27235006808414,232.097663470759,229.13815752433163,0,0,0.019230769230769232,0.019230769230769232
2007-08-26,226.982544488732,291.99127224436603,227.047031797282,227.00464924706435,227.77256362587187,230.71466194469343,230.54853698038124,0,0,0.019230769230769232,0.019230769230769232
2007-09-02,225.66142674478192,291.33071337239096,225.7039141509141,226.38268469952376,225.81841099333116,226.14245581360603,232.20530548819733,0,0,0.019230769230769232,0.019230769230769232
2007-09-09,224.59176261455258,290.7958813072763,224.6438058133221,225.5566573564893,226.1700146624595,224.80091413383715,226.43794588890623,0,0,0.019230769230769232,0.019230769230769232
2007-09-16,223.7890649610146,290.39453248050734,223.8868735217481,223.99236806803222,225.54850407834473,224.02592864628366,231.86903909965704,0,0,0.019230769230769232,0.019230769230769232
2007-09-23,223.26497495110462,290.1324874755523,223.29069118119065,223.3444289457465,224.76203030536564,223.46152715995615,228.13281496433567,0,0,0.019230769230769232,0.019230769230769232
2007-09-30,223.02709322906065,290.01354661453036,223.06567245037692,223.9829632313637,223.62779161107684,226.0334019910204,231.21430510674693,0,0,0.019230769230769232,0.019230769230769232
2007-10-07,223.07886968766024,290.0394348438301,223.09453806767618,223.37642328711019,224.6771755654152,225.85440902219844,224.49520072559997,0,0,0.019230769230769232,0.019230769230769232
2007-10-14,223.41955343596035,290.20977671798016,223.4948855815471,223.88595922228177,223.6612047773121,223.82550175503178,228.28552639145315,0,0,0.019230769230769232,0.019230769230769232
2007-10-21,224.04420368913497,290.5221018445675,224.12189380936655,224.68166573322114,225.95453970763955,228.0156544709905,225.21086499909669,0,0,0.019230769230769232,0.019230769230769232
2007-10-28,224.94376142247887,290.9718807112394,225.03505683228934,224.97004491036722,225.73777604417947,226.16445900378116,231.7092928981386,0,0,0.019230769230769232,0.019230769230769232
2007-11-04,226.10518075041247,291.55259037520625,226.11377934728904,226.51543560652175,226.95042565418103,229.8493539662704,231.06693096306873,0,0,0.019230769230769232,0.019230769230769232
2007-11-11,227.51161812515625,292.2558090625781,227.5617229817719,227.94290024637561,228.6286391873521,231.31151322981455,232.87432880780304,0,0,0.019230769230769232,0.019230769230769232
2007-11-18,229.14267661121,293.071338305605,229.14991020167955,229.8075263494759,230.61018382460327,232.48014014332932,229.52348056116162,0,0,0.019230769230769232,0.019230769230769232
2007-11-25,230.9747016930337,293.98735084651685,230.98811549403754,230.99530633499518,232.2619364986104,233.36368789005013,231.77526894305225,0,0,0.019230769230769232,0.019230769230769232
2007-12-02,232.98112432596193,294.990562162981,233.04527785948966,233.92779275389495,233.984842280581,233.3487760065288,233.48737519104193,0,0,0.019230769230769232,0.019230769230769232
2007-12-09,235.13284625523787,296.066423127619,235.194542768747,235.17568977238997,236.46762908111415,235.3510772590388,242.08639946432965,0,0,0.019230769230769232,0.019230769230769232
2007-12-16,237.3986620150556,297.1993310075278,237.447863037306,237.77453588744999,237.99135215747847,237.89625158002949,237.45061887181504,0,0,0.019230769230769232,0.019230769230769232
2007-12-23,239.745711487547,298.3728557437735,239.75905139611672,240.12871114333097,240.48391343111027,243.70461791572257,241.59071326046498,0,0,0.019230769230769232,0.019230769230769232
2007-12-30,242.1399564584512,299.5699782292256,242.18171290344137,242.15034194989536,242.3140073242728,246.03893704152205,243.7176384605963,0,0,0.019230769230769232,0.019230769230769232
2008-01-06,244.54667425819176,300.7733371290959,244.64644600180773,245.48749361088124,244.88889300699924,246.98782106666116,252.40523612141476,0,0,0.019230769230769232,0.019230769230769232
2008-01-13,246.93096132930506,301.96548066465255,246.9422126374017,247.61376549491268,246.98344254558552,249.10480005610177,253.7187826415757,0,0,0.019230769230769232,0.019230769230769232
2008-01-20,249.2582394172051,303.1291197086025,249.2909012555292,249.77240879013647,249.40509856735508,252.0364449785551,249.83972327910845,0,0,0.019230769230769232,0.019230769230769232
2008-01-27,251.49475704322492,304.24737852161246,251.5893672652027,251.86458071077521,251.9006763337726,252.19184088514888,257.9956038493606,0,0,0.019230769230769232,0.019230769230769232
2008-02-03,253.60807898729576,305.3040394936479,253.70425054788294,254.1376003981495,255.52631170440128,254.3486634107775,262.43157448974455,0,0,0.019230769230769232,0.019230769230769232
2008-02-10,255.56755668151243,306.2837783407562,255.64767522239362,256.43328828381857,257.4568268805467,256.0206197585654,263.08649386702405,0,0,0.019230769230769232,0.019230769230769232
2008-02-17,257.3447726926776,307.17238634633884,257.41157740504343,257.6440833745766,259.32725011082925,259.715614513742,266.7954734669554,0,0,0.019230769230769232,0.019230769230769232
2008-02-24,258.9139528476924,307.9569764238462,258.96852775232924,259.2915201665587,259.4697374314361,261.15098989742495,263.7168594095825,0,0,0.019230769230769232,0.019230769230769232
2008-03-02,260.25234002492107,308.6261700124605,260.3312086701262,260.5491073382002,260.58837862957193,263.6830892424171,265.5659533925615,0,0,0.019230769230769232,0.019230769230769232
2008-03-09,261.3405241906014,309.1702620953007,261.3487934447992,261.37931727956163,262.2402888156041,263.73797762047525,270.8316061892766,0,0,0.019230769230769232,0.019230769230769232
2008-03-16,262.16272389392856,309.58136194696425,262.21950764608465,263.15233192744256,262.55905321297485,265.0121130639471,268.78311414025177,0,0,0.019230769230769232,0.019230769230769232
2008-03-23,262.7070151384146,309.85350756920735,262.77281585326466,263.49657677281516,263.762677937863,263.7299998978828,272.1241444437418,0,0,0.019230769230769232,0.019230769230769232
2008-03-30,262.9655043103043,309.9827521551522,262.96815306475094,263.1463453720041,263.0095281210842,266.63900423254904,272.14370068595906,0,0,0.019230769230769232,0.019230769230769232
2008-04-06,262.9344426561437,309.96722132807184,262.9533057568895,263.9205004346429,264.16579109701615,264.67867430401225,269.66713490271644,0,0,0.019230769230769232,0.019230769230769232
2008-04-13,262.6142806492831,309.8071403246415,262.64243823561884,262.86641761635093,264.227811370553,265.7951029158135,266.04151962208266,0,0,0.019230769230769232,0.019230769230769232
2008-04-20,262.009661456863,309.5048307284315,262.01333610742887,262.3632431486819,262.40178219790727,264.5259627697147,269.66347126756324,0,0,0.019230769230769232,0.019230769230769232
2008-04-27,261.12935360202675,309.0646768010134,261.1514340154367,262.12064008635105,261.16290429263967,264.2419481994139,264.84772534011745,0,0,0.019230769230769232,0.019230769230769232
2008-05-04,259.9861237979303,308.4930618989652,260.01115885438077,260.855252907556,260.2554210836714,260.52259800155736,262.6999963157313,0,0,0.019230769230769232,0.019230769230769232
2008-05-11,258.596551797782,307.798275898891,258.6063762501536,258.6270322219651,259.8514497125869,262.16454059114966,266.71455036630647,0,0,0.019230769230769232,0.019230769230769232
2008-05-18,256.9807899460577,306.99039497302886,257.0222739203733,257.7474815595656,258.54806986412785,260.5679052600015,264.2294785435867,0,0,0.019230769230769232,0.019230769230769232
2008-05-25,255.16227091801562,306.08113545900784,255.22097163020925,255.81248149354346,256.51014588212826,259.0381318907996,256.6754739692247,0,0,0.019230769230769232,0.019230769230769232
2008-06-01,253.16736788603225,305.0836839430161,253.19823948561856,253.49946945383016,254.93185759968932,253.55547479890757,261.2871571508062,0,0,0.019230769230769232,0.019230769230769232
2008-06-08,251.02501204121702,304.0125060206085,251.10974062824698,251.17017684498302,252.3820099403053,253.68107040386232,258.0985667760821,0,0,0.019230769230769232,0.019230769230769232
2008-06-15,248.76627301722016,302.8831365086101,248.76898234672296,249.4497475156319,249.9325254261104,251.00714833007103,252.9000352404735,0,0,0.019230769230769232,0.019230769230769232
2008-06-22,246.42390830115866,301.71195415057934,246.50362749352354,246.75208855953153,246.62857451244145,247.56953854506074,249.41413822928155,0,0,0.019230769230769232,0.019230769230769232
2008-06-29,244.03188816635526,300.51594408317766,244.07679791509062,244.95867274954614,244.56223195507474,246.05658762347605,244.30939880289097,0,0,0.019230769230769232,0.019230769230769232
2008-07-06,241.62490301657826,299.31245150828914,241.6464313233438,242.17411800267433,243.44523369204924,244.04567474719147,249.22275245571655,0,0,0.019230769230769232,0.019230769230769232
2008-07-13,239.23786028654985,298.11893014327495,239.31931330756248,239.8108189793782,240.72431405369,240.09323103885902,239.3013013215758,0,0,0.019230769230769232,0.019230769230769232
2008-07-20,236.90537819495145,296.9526890974757,236.95547340430815,237.5266503341914,238.35433648513262,240.71235862168203,245.84878527366556,0,0,0.019230769230769232,0.019230769230769232
2008-07-27,234.66128369180004,295.83064184590006,234.7536578971194,234.7239118235704,236.05717218600762,237.89800725326495,243.94867683043861,0,0,0.019230769230769232,0.019230769230769232
2008-08-03,232.53812188124252,294.7690609406212,232.60850084253767,232.9121376556877,233.50687660531787,236.19968337528363,242.15670573855434,0,0,0.019230769230769232,0.019230769230769232
2008-08-10,230.56668403438977,293.7833420171949,230.63714914715766,230.65975882847675,232.09936310698626,233.67936381200002,234.28181540720948,0,0,0.019230769230769232,0.019230769230769232
2008-08-17,228.77556103721153,292.8877805186058,228.78816768388958,229.59079410649457,228.8917442516829,231.997073338593,234.0389867651257,0,0,0.019230769230769232,0.019230769230769232
2008-08-24,227.19072874963754,292.0953643748188,227.24202337220447,227.3017283227263,227.24352251727507,227.78787540659656,233.47276442972142,0,0,0.019230769230769232,0.019230769230769232
2008-08-31,225.83517128921807,291.417585644609,225.9170444105799,226.00631961148736,226.27751525177368,229.3321467835501,225.99075242811085,0,0,0.019230769230769232,0.019230769230769232
2008-09-07,224.72854770269302,290.8642738513465,224.7441451903598,224.78689130035184,225.7210724882068,227.07770323112706,228.4092480714312,0,0,0.019230769230769232,0.019230769230769232
2008-09-14,223.88690685958386,290.44345342979193,223.9409951112012,224.2893667295636,224.32682653436237,227.28838595383843,224.50222912510225,0,0,0.019230769230769232,0.019230769230769232
2008-09-21,223.3224547025791,290.16122735128954,223.33110202755384,223.5131682173347,223.84259857430584,226.45432489982522,225.36398159582566,0,0,0.019230769230769232,0.019230769230769232
2008-09-28,223.04337723017838,290.0216886150892,223.1339202940861,223.09428475678789,224.11773376571455,225.37853655748123,228.43247937250263,0,0,0.019230769230769232,0.019230769230769232
2008-10-05,223.05372177879792,290.02686088939896,223.11271735974296,223.67795832178348,224.18946273231808,224.1225938507886,226.16512741993887,0,0,0.019230769230769232,0.019230769230769232
2008-10-12,223.3533383260516,290.1766691630258,223.4248661131461,223.81116023376714,223.94311263503073,224.93979000100273,231.8801807158901,0,0,0.019230769230769232,0.019230769230769232
2008-10-19,223.93788166645865,290.46894083322934,223.98621674533183,224.24568224549833,225.28085726571376,226.7038914754239,225.29664066794876,0,0,0.019230769230769232,0.019230769230769232
2008-10-26,224.79887442802553,290.8994372140128,224.84243285954403,225.5758638625726,225.76459706459394,226.54341148357904,228.83859444381318,0,0,0.019230769230769232,0.019230769230769232
2008-11-02,225.92383001580023,291.4619150079001,225.97101231472183,226.3525084609752,226.69866299982965,229.49366384045018,227.67760524140888,0,0,0.019230769230769232,0.019230769230769232
2008-11-09,227.2964336994034,292.14821684970167,227.3731583054494,227.89240833439794,228.07446181159662,230.73212151070138,229.17516737367956,0,0,0.019230769230769232,0.019230769230769232
2008-11-16,228.8967792183044,292.9483896091522,228.93749337321495,229.05117217289435,229.0371670394639,230.6387766954138,236.41460768768218,0,0,0.019230769230769232,0.019230769230769232
2008-11-23,230.70165747346104,293.85082873673053,230.77916879464163,231.2044507082885,232.14401471326897,234.14703852683755,239.75671241576723,0,0,0.019230769230769232,0.019230769230769232
2008-11-30,232.68489311855714,294.8424465592786,232.72462785080256,233.4414243805802,233.8304042795681,234.10875741213619,241.6543077648636,0,0,0.019230769230769232,0.019230769230769232
2008-12-07,234.81772416940404,295.90886208470204,234.82100888638988,235.75947053095126,235.15586328681957,236.2920514645084,235.5856051986904,0,0,0.019230769230769232,0.019230769230769232
2008-12-14,237.06921912620092,297.03460956310045,237.07662272759754,237.81059133832738,237.89434460770616,239.019078698178,240.85130795456564,0,0,0.019230769230769232,0.019230769230769232
2008-12-21,239.40672555931428,298.20336277965714,239.50119764218465,240.2209245709748,240.19304663247505,241.6770649771052,241.17288898399568,0,0,0.019230769230769232,0.019230769230769232
2008-12-28,241.79634365293748,299.39817182646874,241.82505662833967,242.34624813243454,242.85636564449385,245.4171876805188,248.76973985284408,0,0,0.019230769230769232,0.019230769230769232
2009-01-04,244.20341783903677,300.6017089195184,244.26444844462654,244.99577837754308,245.104837423649,245.33400839230086,246.56248903988111,0,0,0.019230769230769232,0.019230769230769232
2009-01-11,246.59303939163576,301.7965196958179,246.61869995088867,246.97729861652397,246.68014247664843,246.79654079629628,251.87849138880654,0,0,0.019230769230769232,0.019230769230769232
2009-01-18,248.93055269253668,302.96527634626835,248.96119812575523,249.1976592434686,249.8689063375912,251.28761547692548,255.22123622169286,0,0,0.019230769230769232,0.019230769230769232
2009-01-25,251.18205782633245,304.09102891316627,251.23107150310923,251.38248989767442,251.49146853874103,253.94781227936107,254.16203725690505,0,0,0.019230769230769232,0.019230769230769232
2009-02-01,253.31490221579716,305.15745110789857,253.34791998508197,253.87194279306652,253.45131674242725,255.63046699905394,259.9102042870733,0,0,0.019230769230769232,0.019230769230769232
2009-02-08,255.29815416768574,306.1490770838429,255.3657950150848,256.2929021347965,256.1317601359541,257.2228307483401,255.38653420221604,0,0,0.019230769230769232,0.019230769230769232
2009-02-15,257.10305146131964,307.0515257306598,257.1910956086931,257.15592215902757,258.1646394878682,257.63071183364065,263.7734644392712,0,0,0.019230769230769232,0.019230769230769232
2009-02-22,258.70341847427585,307.8517092371379,258.77760808399466,259.0708561598335,260.15899090742647,259.29624302501884,266.6564222244285,0,0,0.019230769230769232,0.019230769230769232
2009-03-01,260.0760457957937,308.53802289789684,260.15047299901863,260.6749785993383,261.31503298817125,263.6789038588325,261.7767665200579,0,0,0.019230769230769232,0.019230769230769232
2009-03-08,261.2010268225322,309.1005134112661,261.2825055497135,261.5712963935844,263.11699682851935,263.17600684061864,269.7147099534173,0,0,0.019230769230769232,0.019230769230769232
2009-03-15,262.0620464551821,309.53102322759105,262.16034957412876,262.6792969502892,262.95573437740364,262.822367565854,271.4594651773597,0,0,0.019230769230769232,0.019230769230769232
2009-03-22,262.6466177090921,309.82330885454604,262.74435320434696,263.1953696022628,264.0409064415561,263.9986935813035,266.35365931407847,0,0,0.019230769230769232,0.019230769230769232
2009-03-29,262.9462628074515,309.9731314037257,262.9737808771442,263.5565594627497,264.0738933109467,265.87840625660124,264.9349457920651,0,0,0.019230769230769232,0.019230769230769232
2009-04-05,262.9566361307154,309.9783180653577,263.00574781152216,263.0559506526277,263.3553798727235,266.0283452273868,263.98913595495475,0,0,0.019230769230769232,0.019230769230769232
2009-04-12,262.677587239192,309.838793619596,262.7525846745394,263.38672603537304,263.19336625212367,263.90484934011954,268.69755427322815,0,0,0.019230769230769232,0.019230769230769232
2009-04-19,262.11316305480176,309.5565815274009,262.1216494470537,262.7864024693729,262.2926723145173,265.6182305652322,263.75953522518176,0,0,0.019230769230769232,0.019230769230769232
2009-04-26,261.27154917036984,309.13577458518495,261.3621962578042,261.9426362196895,262.3822441051692,264.308268840685,268.7291404772077,0,0,0.019230769230769232,0.019230769230769232
2009-05-03,260.16495113761516,308.5824755688076,260.2090041136232,260.83361811394457,261.6929050148128,260.7878625029831,266.3783887213915,0,0,0.019230769230769232,0.019230769230769232
2009-05-10,258.8094174554641,307.90470872773204,258.84020734312475,259.3347756801251,259.90197601763913,261.1439411019102,261.6000547495275,0,0,0.019230769230769232,0.019230769230769232
2009-05-17,257.224606825811,307.11230341290553,257.2852409805761,257.29372432727723,257.586769378989,259.35059228086925,258.8968060666812,0,0,0.019230769230769232,0.019230769230769232
2009-05-24,255.43350305211095,306.2167515260555,255.46238637782906,256.3557292913442,255.65967872504314,258.2595492467879,257.58309570314174,0,0,0.019230769230769232,0.019230769230769232
2009-05-31,253.4620817155041,305.2310408577521,253.46564708657604,253.5706158491373,255.24767322604762,253.48634024164323,260.21573199546464,0,0,0.019230769230769232,0.019230769230769232
2009-06-07,251.3389334625194,304.1694667312597,251.42333611271692,252.23833669096476,251.88544009958292,255.30033626847384,259.45846936932105,0,0,0.019230769230769232,0.019230769230769232
2009-06-14,249.0948493676484,303.0474246838242,249.13558203794472,249.54622898589076,249.7441239911298,249.63150716886565,257.90703020856563,0,0,0.019230769230769232,0.019230769230769232
2009-06-21,246.76237438409123,301.8811871920456,246.83863221358348,247.00360119153538,248.24041266069446,249.30638632122447,248.0986831889294,0,0,0.019230769230769232,0.019230769230769232
2009-06-28,244.37533535878018,300.6876676793901,244.37585482405933,244.65882695241268,244.86708261218942,246.0617834204119,245.35361730765106,0,0,0.019230769230769232,0.019230769230769232
2009-07-05,241.9683504566687,299.4841752283343,242.02570385152939,242.9416394111662,242.932741444995,245.84225294853462,251.59865735988691,0,0,0.019230769230769232,0.019230769230769232
2009-07-12,239.5763271088873,298.28816355444366,239.58609161822403,239.9272086890631,239.74836411475573,240.40041211529487,244.21663525169174,0,0,0.019230769230769232,0.019230769230769232
2009-07-19,237.2339557658007,297.11697788290036,237.27328596009883,237.26279549242628,237.64754859429237,237.8965325475765,242.383298492582,0,0,0.019230769230769232,0.019230769230769232
2009-07-26,234.97520679684033,295.98760339842016,234.97522162279452,235.16902310857512,235.36361984257186,238.6290036251514,237.30376224941003,0,0,0.019230769230769232,0.019230769230769232
2009-08-02,232.83283783335065,294.91641891667535,232.86427402629457,233.0521582990182,234.55685647950142,233.36325481585894,240.3375648134169,0,0,0.019230769230769232,0.019230769230769232
2009-08-09,230.837918699236,293.91895934961804,230.9000944813189,230.91749409926672,231.12477011834486,232.67611320222971,233.67759364112035,0,0,0.019230769230769232,0.019230769230769232
2009-08-16,229.01938081912817,293.0096904095641,229.05729864078978,229.81532995514127,229.25453945533891,229.06579352931047,234.25457433866873,0,0,0.019230769230769232,0.019230769230769232
2009-08-23,227.4035976388066,292.2017988194033,227.4931721563054,228.01862708714506,229.21115320500044,229.43659873328153,236.33910478079326,0,0,0.019230769230769232,0.019230769230769232
2009-08-30,226.01400214284857,291.50700107142427,226.02526237789942,226.96239430181498,226.88124689709744,228.59731377464635,233.745918628869,0,0,0.019230769230769232,0.019230769230769232
2009-09-06,224.8707470164794,290.9353735082397,224.9217784584342,225.26750226980954,225.53177277593034,226.20084246573668,225.308803294568,0,0,0.019230769230769232,0.019230769230769232
2009-09-13,223.99041238014493,290.49520619007245,224.01252785842817,224.0268154785325,224.85971730255815,227.98075341690395,228.2108067896175,0,0,0.019230769230769232,0.019230769230769232
2009-09-20,223.38576533540143,290.1928826677007,223.45298996877148,223.96133751242013,225.24797786159382,225.72308465335473,223.82941402653677,0,0,0.019230769230769232,0.019230769230769232
2009-09-27,223.06557480932193,290.03278740466095,223.16436344797282,223.29623825905063,223.37491508735872,224.7104962970665,225.40360673885857,0,0,0.019230769230769232,0.019230769230769232
2009-10-04,223.0344843826485,290.01724219132427,223.08169087558719,223.08910124319706,224.4235613507037,225.7489009921557,230.3621606267529,0,0,0.019230769230769232,0.019230769230769232
2009-10-11,223.29294494600654,290.14647247300326,223.3035491954363,223.75738348595772,224.023306532834,223.9345134838584,232.5024035777679,0,0,0.019230769230769232,0.019230769230769232
2009-10-18,223.83720816083877,290.41860408041936,223.87811082608732,223.99476795908933,225.7722013590051,227.19593564542686,226.61951314437908,0,0,0.019230769230769232,0.019230769230769232
2009-10-25,224.65938081989162,290.82969040994584,224.68851035606585,225.3973920346346,225.91663716692307,227.56950153817746,226.3335059649078,0,0,0.019230769230769232,0.019230769230769232
2009-11-01,225.74753931888822,291.3737696594441,225.830084431153,226.5771858084487,226.77076597010807,229.52209518378703,226.17824951858742,0,0,0.019230769230769232,0.019230769230769232
2009-11-08,227.08590257925616,292.0429512896281,227.1610632375485,227.09519376637138,228.23933382188073,229.05002622915347,237.05520171611096,0,0,0.019230769230769232,0.019230769230769232
2009-11-15,228.65506091408884,292.8275304570444,228.66975098788896,228.6842823527781,230.56947936490596,229.30091657155924,231.75739018518058,0,0,0.019230769230769232,0.019230769230769232
2009-11-22,230.432257518199,293.7161287590995,230.47065482143688,230.67855996904052,231.97297678847175,234.17068141785677,230.68159143285808,0,0,0.019230769230769232,0.019230769230769232
2009-11-29,232.39171849993954,294.69585924996977,232.43471409617294,233.30510130326064,232.80894117208555,234.92631552600872,240.79672805497327,0,0,0.019230769230769232,0.019230769230769232
2009-12-06,234.50502666848683,295.7525133342434,234.5904835207929,235.2489798967743,234.55016538630505,238.50333598401468,237.22401151390375,0,0,0.019230769230769232,0.019230769230769232
2009-12-13,236.7415336557159,296.87076682785795,236.8367352598351,237.2659585597564,238.39822964896288,236.88769437248448,242.30821393877565,0,0,0.019230769230769232,0.019230769230769232
2009-12-20,239.06880439584756,298.0344021979238,239.11238731766952,239.15021939578932,239.88331418495432,242.81044128058704,243.21977605055739,0,0,0.019230769230769232,0.019230769230769232
2009-12-27,241.45308751677646,299.22654375838823,241.52490122805636,241.54357928010592,242.65735798031704,243.3574441664041,247.93563461784333,0,0,0.019230769230769232,0.019230769230769232
2010-01-03,242.82774265044307,299.9138713252215,242.88135649686657,243.60093700385656,243.55410600099043,244.58029269440922,248.62670788259035,0,0,0.019230769230769232,0.019230769230769232
